;Src;Dst;Weight
0;0;1;1
1;2;3;1
2;4;5;1
3;7;8;1
4;10;11;1
5;12;13;1
6;17;18;1
7;21;22;1
8;24;25;1
9;28;29;1
10;32;13;1
11;35;36;1
12;38;38;1
13;39;40;1
14;42;43;1
15;45;46;1
16;48;49;1
17;50;51;1
18;42;52;1
19;53;49;1
20;55;56;1
21;58;59;1
22;61;62;1
23;65;41;1
24;67;68;1
25;70;70;1
26;72;73;1
27;78;79;1
28;80;81;1
29;83;84;1
30;85;86;1
31;88;83;1
32;91;91;1
33;93;94;1
34;98;98;1
35;99;100;1
36;102;11;1
37;103;103;1
38;107;108;1
39;111;112;1
40;2;114;1
41;116;117;1
42;13;122;1
43;123;124;1
44;125;126;1
45;127;128;1
46;129;130;1
47;134;135;1
48;137;138;1
49;140;141;1
50;11;63;1
51;144;145;1
52;149;150;1
53;84;84;1
54;152;153;1
55;154;155;1
56;13;13;1
57;157;157;1
58;158;81;1
59;159;160;1
60;161;11;1
61;162;163;1
62;165;166;1
63;168;169;1
64;172;173;1
65;175;176;1
66;177;178;1
67;179;179;1
68;180;181;1
69;184;185;1
70;186;187;1
71;188;188;1
72;190;191;1
73;192;192;1
74;193;194;1
75;196;197;1
76;199;53;1
77;200;201;1
78;54;202;1
79;203;204;1
80;205;203;1
81;206;207;1
82;208;208;1
83;209;210;1
84;216;217;1
85;218;218;1
86;220;221;1
87;223;224;1
88;14;226;1
89;227;228;1
90;229;230;1
91;232;232;1
92;80;233;1
93;235;236;1
94;237;238;1
95;136;240;1
96;122;13;1
97;245;34;1
98;251;252;1
99;256;257;1
100;218;258;1
101;261;262;1
102;50;50;1
103;53;11;1
104;263;264;1
105;265;266;1
106;11;49;1
107;270;270;1
108;271;272;1
109;274;275;1
110;276;277;1
111;281;282;1
112;81;81;1
113;284;49;1
114;285;286;1
115;288;289;1
116;290;290;1
117;11;293;1
118;294;49;1
119;296;297;1
120;299;300;1
121;302;302;1
122;304;305;1
123;307;307;1
124;132;121;1
125;309;310;1
126;311;312;1
127;313;314;1
128;317;318;1
129;80;82;1
130;319;319;1
131;321;22;1
132;324;121;1
133;327;328;1
134;330;32;1
135;332;13;1
136;333;334;1
137;337;338;1
138;329;34;1
139;342;342;1
140;344;345;1
141;348;349;1
142;42;351;1
143;218;218;1
144;354;355;1
145;356;357;1
146;358;359;1
147;360;361;1
148;363;364;1
149;366;49;1
150;43;370;1
151;371;372;1
152;42;41;1
153;272;374;1
154;375;376;1
155;378;379;1
156;380;381;1
157;384;385;1
158;386;387;1
159;391;392;1
160;41;393;1
161;394;395;1
162;396;397;1
163;54;398;1
164;53;102;1
165;399;400;1
166;102;403;1
167;273;404;1
168;406;407;1
169;409;410;1
170;53;41;1
171;411;53;1
172;413;414;1
173;91;416;1
174;421;91;1
175;423;424;1
176;427;428;1
177;429;430;1
178;431;432;1
179;434;435;1
180;52;437;1
181;438;439;1
182;441;441;1
183;219;230;1
184;442;443;1
185;444;445;1
186;446;447;1
187;448;449;1
188;452;52;1
189;454;455;1
190;456;429;1
191;459;459;1
192;49;121;1
193;53;464;1
194;465;466;1
195;467;468;1
196;470;471;1
197;472;473;1
198;474;474;1
199;476;477;1
200;478;479;1
201;481;218;1
202;385;385;1
203;483;484;1
204;486;487;1
205;102;489;1
206;490;491;1
207;495;355;1
208;67;496;1
209;41;497;1
210;499;500;1
211;502;503;1
212;508;509;1
213;510;511;1
214;513;514;1
215;515;516;1
216;517;52;1
217;519;520;1
218;521;173;1
219;522;523;1
220;524;525;1
221;526;527;1
222;52;52;1
223;136;528;1
224;529;529;1
225;530;82;1
226;103;418;1
227;532;533;1
228;534;535;1
229;536;34;1
230;539;540;1
231;11;11;1
232;353;208;1
233;544;545;1
234;208;208;1
235;550;551;1
236;552;553;1
237;272;554;1
238;555;556;1
239;557;558;1
240;560;560;1
241;561;562;1
242;564;565;1
243;567;568;1
244;570;571;1
245;574;78;1
246;576;82;1
247;578;579;1
248;581;582;1
249;135;583;1
250;102;49;1
251;584;585;1
252;132;132;1
253;588;588;1
254;590;501;1
255;519;593;1
256;355;309;1
257;309;302;1
258;598;295;1
259;273;273;1
260;219;603;1
261;103;53;1
262;610;32;1
263;614;614;1
264;615;616;1
265;41;617;1
266;620;498;1
267;53;622;1
268;625;34;1
269;626;34;1
270;628;629;1
271;631;632;1
272;634;24;1
273;635;635;1
274;636;637;1
275;640;641;1
276;451;642;1
277;644;644;1
278;648;649;1
279;650;651;1
280;654;655;1
281;658;192;1
282;659;660;1
283;53;661;1
284;665;430;1
285;666;667;1
286;669;670;1
287;671;102;1
288;121;672;1
289;673;673;1
290;674;675;1
291;676;677;1
292;679;679;1
293;681;681;1
294;682;683;1
295;41;473;1
296;680;34;1
297;52;451;1
298;322;322;1
299;230;687;1
300;689;690;1
301;691;48;1
302;693;693;1
303;694;695;1
304;699;699;1
305;700;103;1
306;701;42;1
307;53;451;1
308;703;704;1
309;705;705;1
310;706;707;1
311;708;709;1
312;712;11;1
313;714;715;1
314;719;309;1
315;2;720;1
316;722;723;1
317;555;725;1
318;727;728;1
319;730;731;1
320;733;78;1
321;736;737;1
322;739;740;1
323;741;742;1
324;372;743;1
325;744;42;1
326;4;745;1
327;746;273;1
328;747;748;1
329;34;749;1
330;701;750;1
331;752;752;1
332;753;219;1
333;755;49;1
334;756;757;1
335;758;49;1
336;760;761;1
337;762;9;1
338;699;208;1
339;449;66;1
340;103;763;1
341;177;764;1
342;765;766;1
343;309;42;1
344;53;261;1
345;772;773;1
346;631;774;1
347;775;776;1
348;777;26;1
349;779;273;1
350;474;474;1
351;781;782;1
352;784;785;1
353;786;49;1
354;787;788;1
355;790;791;1
356;793;793;1
357;794;11;1
358;796;797;1
359;800;801;1
360;355;551;1
361;53;53;1
362;803;11;1
363;353;804;1
364;47;809;1
365;813;220;1
366;815;816;1
367;38;819;1
368;699;820;1
369;102;821;1
370;822;823;1
371;796;824;1
372;828;829;1
373;832;52;1
374;49;11;1
375;833;834;1
376;835;270;1
377;837;838;1
378;840;514;1
379;13;841;1
380;197;549;1
381;843;844;1
382;52;846;1
383;13;847;1
384;850;851;1
385;852;853;1
386;856;857;1
387;858;858;1
388;859;859;1
389;32;861;1
390;862;863;1
391;864;865;1
392;867;280;1
393;454;870;1
394;84;84;1
395;873;874;1
396;878;879;1
397;880;881;1
398;882;701;1
399;499;885;1
400;447;49;1
401;887;888;1
402;890;891;1
403;893;894;1
404;895;49;1
405;41;596;1
406;901;902;1
407;903;24;1
408;904;512;1
409;42;53;1
410;905;906;1
411;907;908;1
412;909;26;1
413;911;911;1
414;912;913;1
415;280;53;1
416;102;14;1
417;916;917;1
418;920;921;1
419;925;919;1
420;926;927;1
421;928;929;1
422;931;932;1
423;13;340;1
424;936;83;1
425;513;513;1
426;49;937;1
427;41;273;1
428;938;355;1
429;520;940;1
430;943;49;1
431;946;144;1
432;53;947;1
433;948;949;1
434;951;302;1
435;952;953;1
436;59;60;1
437;959;960;1
438;962;212;1
439;964;965;1
440;966;967;1
441;971;972;1
442;930;973;1
443;974;975;1
444;81;67;1
445;979;979;1
446;429;980;1
447;981;982;1
448;136;987;1
449;989;989;1
450;990;991;1
451;992;42;1
452;994;995;1
453;41;998;1
454;355;41;1
455;136;136;1
456;536;999;1
457;273;1000;1
458;534;1001;1
459;212;11;1
460;351;309;1
461;1003;1004;1
462;1010;1011;1
463;1013;1014;1
464;53;1016;1
465;1017;1018;1
466;754;1021;1
467;103;212;1
468;1023;1024;1
469;295;1027;1
470;49;1028;1
471;288;1030;1
472;448;102;1
473;1031;1032;1
474;293;1034;1
475;132;132;1
476;1036;1037;1
477;1038;1039;1
478;1041;1042;1
479;1044;1045;1
480;1047;1048;1
481;1049;1050;1
482;67;82;1
483;91;5;1
484;212;1054;1
485;80;11;1
486;38;1057;1
487;1059;103;1
488;1060;1061;1
489;318;42;1
490;467;1067;1
491;1069;1070;1
492;1071;989;1
493;1072;202;1
494;476;1073;1
495;1074;964;1
496;1078;1079;1
497;42;1081;1
498;451;11;1
499;1085;270;1
500;42;121;1
501;1087;1088;1
502;1089;1090;1
503;1092;1093;1
504;230;230;1
505;53;1095;1
506;132;132;1
507;1096;1097;1
508;1098;1099;1
509;448;1102;1
510;1103;1104;1
511;803;803;1
512;647;1107;1
513;1109;1110;1
514;1112;52;1
515;699;699;1
516;1115;1116;1
517;1118;1119;1
518;220;54;1
519;302;1122;1
520;1123;1124;1
521;988;1126;1
522;1127;1128;1
523;1131;1132;1
524;1135;1136;1
525;1137;1138;1
526;1139;1140;1
527;121;1141;1
528;1142;555;1
529;430;1145;1
530;329;1146;1
531;1149;1150;1
532;1152;1153;1
533;1155;1156;1
534;1157;1158;1
535;11;11;1
536;1161;1162;1
537;1164;1165;1
538;1167;1168;1
539;1171;219;1
540;1173;1174;1
541;53;53;1
542;1179;1180;1
543;1182;1183;1
544;1184;1184;1
545;103;11;1
546;1185;1186;1
547;1187;49;1
548;1188;1189;1
549;299;537;1
550;1190;1132;1
551;1191;1192;1
552;310;1194;1
553;1195;1196;1
554;1198;1199;1
555;108;1201;1
556;309;309;1
557;1205;1206;1
558;877;1207;1
559;1072;49;1
560;1209;1210;1
561;42;41;1
562;53;11;1
563;1212;1213;1
564;1214;1215;1
565;868;690;1
566;49;1221;1
567;42;1224;1
568;190;103;1
569;1225;1226;1
570;1227;1228;1
571;1231;470;1
572;1233;174;1
573;1236;1237;1
574;22;22;1
575;1238;501;1
576;53;11;1
577;84;42;1
578;1239;1240;1
579;1243;309;1
580;1244;1245;1
581;1248;597;1
582;1249;1249;1
583;1252;1253;1
584;1254;1255;1
585;1257;1258;1
586;498;1260;1
587;1261;1262;1
588;1265;1266;1
589;102;11;1
590;699;82;1
591;1269;1270;1
592;1274;1275;1
593;178;121;1
594;1276;1018;1
595;1277;270;1
596;951;1278;1
597;698;1279;1
598;1281;1281;1
599;1283;1284;1
600;1285;1286;1
601;322;53;1
602;1292;273;1
603;103;11;1
604;1293;11;1
605;501;1295;1
606;1296;1297;1
607;1299;1300;1
608;1301;1302;1
609;1305;1145;1
610;13;13;1
611;42;84;1
612;13;1308;1
613;47;1309;1
614;1311;53;1
615;1317;1318;1
616;52;42;1
617;1319;1320;1
618;1323;1324;1
619;1325;699;1
620;1328;1329;1
621;507;1330;1
622;467;219;1
623;52;1332;1
624;105;105;1
625;1335;1336;1
626;32;273;1
627;1337;1338;1
628;1339;641;1
629;1341;1342;1
630;118;1344;1
631;1346;1347;1
632;1231;1348;1
633;1351;1352;1
634;1354;1355;1
635;1356;429;1
636;90;90;1
637;1357;1358;1
638;1359;1360;1
639;309;220;1
640;1362;280;1
641;1363;249;1
642;219;1365;1
643;1368;1369;1
644;132;11;1
645;1372;1373;1
646;1375;119;1
647;220;220;1
648;1376;272;1
649;49;1378;1
650;1379;41;1
651;1218;1380;1
652;1382;1383;1
653;1386;1387;1
654;1388;1389;1
655;1390;103;1
656;13;537;1
657;1392;1114;1
658;1393;53;1
659;1394;495;1
660;1395;1396;1
661;1397;49;1
662;1398;211;1
663;635;635;1
664;1400;42;1
665;1402;1403;1
666;1405;5;1
667;132;1407;1
668;1408;1409;1
669;1411;1412;1
670;1413;1414;1
671;1417;1418;1
672;1419;1420;1
673;1422;280;1
674;580;1423;1
675;1425;1426;1
676;178;1428;1
677;1431;1432;1
678;273;273;1
679;49;49;1
680;771;1434;1
681;1435;1436;1
682;202;202;1
683;1438;1439;1
684;1440;1441;1
685;1442;1443;1
686;1445;1446;1
687;507;59;1
688;1447;1448;1
689;1450;1450;1
690;1451;1452;1
691;1453;537;1
692;1455;370;1
693;1456;1105;1
694;1461;1462;1
695;1464;220;1
696;1465;41;1
697;1470;1471;1
698;1472;1472;1
699;102;1407;1
700;771;1478;1
701;1480;1481;1
702;658;658;1
703;1482;1483;1
704;1134;1484;1
705;41;41;1
706;454;454;1
707;42;1485;1
708;42;1486;1
709;136;135;1
710;1489;1490;1
711;1493;54;1
712;430;1494;1
713;136;136;1
714;513;1495;1
715;1497;366;1
716;13;1499;1
717;1500;1501;1
718;1503;1503;1
719;1504;1505;1
720;1507;1508;1
721;1511;42;1
722;1512;1513;1
723;1514;49;1
724;1515;1516;1
725;1518;1519;1
726;53;144;1
727;430;11;1
728;1524;1525;1
729;506;506;1
730;513;1528;1
731;42;1529;1
732;376;174;1
733;1531;1532;1
734;1533;1534;1
735;1536;1537;1
736;1540;1541;1
737;1543;1544;1
738;1546;519;1
739;1547;1548;1
740;704;1549;1
741;376;1551;1
742;103;49;1
743;1553;1553;1
744;1554;13;1
745;81;81;1
746;197;1555;1
747;1556;103;1
748;1557;1558;1
749;693;693;1
750;1563;1564;1
751;295;1565;1
752;1567;1568;1
753;1569;1570;1
754;1574;1575;1
755;13;13;1
756;699;1576;1
757;13;1578;1
758;1108;42;1
759;1580;49;1
760;88;1581;1
761;537;1017;1
762;1583;353;1
763;1584;355;1
764;11;1585;1
765;1587;1530;1
766;102;1105;1
767;1588;1589;1
768;1591;221;1
769;625;13;1
770;1592;1592;1
771;1593;1594;1
772;1596;1597;1
773;1600;517;1
774;857;1603;1
775;1263;454;1
776;1605;1606;1
777;124;82;1
778;1609;1610;1
779;1111;1612;1
780;349;869;1
781;1614;1615;1
782;105;1621;1
783;22;1622;1
784;1626;1627;1
785;1629;270;1
786;1630;1631;1
787;1632;1633;1
788;1634;13;1
789;91;91;1
790;1638;1639;1
791;1641;1642;1
792;1646;1647;1
793;1649;1650;1
794;1651;1651;1
795;1422;82;1
796;856;1653;1
797;745;1654;1
798;1655;1656;1
799;1659;1660;1
800;1661;121;1
801;1662;1663;1
802;1066;1664;1
803;1665;1665;1
804;1666;1667;1
805;42;1668;1
806;1669;1530;1
807;49;42;1
808;91;91;1
809;1672;1673;1
810;11;11;1
811;1674;34;1
812;1676;1677;1
813;1680;1681;1
814;1685;1686;1
815;1688;49;1
816;1690;1691;1
817;1693;53;1
818;563;118;1
819;54;54;1
820;121;1695;1
821;1700;322;1
822;392;1702;1
823;90;786;1
824;41;42;1
825;1703;1704;1
826;1706;1199;1
827;41;1710;1
828;1711;1711;1
829;1712;88;1
830;1713;1714;1
831;1716;84;1
832;48;1550;1
833;549;1719;1
834;1720;41;1
835;34;122;1
836;11;11;1
837;1725;401;1
838;1550;1612;1
839;340;519;1
840;1727;103;1
841;1728;1729;1
842;1732;1389;1
843;988;1733;1
844;1735;52;1
845;1737;275;1
846;1739;49;1
847;1742;1742;1
848;1743;464;1
849;1744;1745;1
850;355;1747;1
851;1748;1749;1
852;1750;1751;1
853;1752;1753;1
854;1754;1755;1
855;796;1757;1
856;1758;1759;1
857;1760;1761;1
858;1763;1764;1
859;230;1765;1
860;1766;1766;1
861;1768;1769;1
862;1773;1773;1
863;1775;1776;1
864;1777;1778;1
865;1374;1779;1
866;309;309;1
867;42;41;1
868;1781;1782;1
869;513;1783;1
870;42;41;1
871;1785;1786;1
872;635;1787;1
873;1788;1789;1
874;1790;914;1
875;329;13;1
876;273;1793;1
877;1794;1795;1
878;1797;644;1
879;1799;1800;1
880;1804;1805;1
881;42;1806;1
882;53;1186;1
883;1810;8;1
884;321;321;1
885;1816;1817;1
886;793;1819;1
887;1820;1820;1
888;1060;42;1
889;1824;1825;1
890;1827;1828;1
891;38;54;1
892;13;1829;1
893;1830;1831;1
894;1832;1833;1
895;1834;1835;1
896;1836;1837;1
897;1842;1430;1
898;1843;1844;1
899;1845;1846;1
900;1849;1850;1
901;520;683;1
902;1854;1855;1
903;11;11;1
904;1856;1857;1
905;1858;1859;1
906;1860;119;1
907;1862;1863;1
908;1865;1866;1
909;49;83;1
910;1867;1868;1
911;1873;1874;1
912;1876;82;1
913;1877;1878;1
914;1879;851;1
915;1881;1882;1
916;41;1884;1
917;1885;1886;1
918;1887;121;1
919;82;1888;1
920;1890;261;1
921;1512;1893;1
922;42;42;1
923;1896;103;1
924;1897;1898;1
925;1901;1902;1
926;273;1905;1
927;647;1909;1
928;54;1911;1
929;1887;122;1
930;135;135;1
931;1915;11;1
932;11;1916;1
933;1919;1920;1
934;43;1921;1
935;41;1923;1
936;1926;103;1
937;1927;1928;1
938;280;461;1
939;698;1929;1
940;1930;1105;1
941;776;1931;1
942;1935;80;1
943;1938;53;1
944;1940;1941;1
945;1946;1947;1
946;1951;1952;1
947;1953;1954;1
948;1957;1958;1
949;429;1959;1
950;513;1962;1
951;1499;13;1
952;1966;1967;1
953;1969;1374;1
954;771;1970;1
955;1971;1972;1
956;1978;302;1
957;1980;1981;1
958;108;53;1
959;83;42;1
960;1983;1984;1
961;22;206;1
962;1988;52;1
963;1989;1990;1
964;1991;174;1
965;1993;1994;1
966;1995;42;1
967;813;132;1
968;38;1711;1
969;1997;295;1
970;2000;635;1
971;295;1499;1
972;53;53;1
973;2005;2005;1
974;2006;63;1
975;49;49;1
976;2008;2009;1
977;2010;2011;1
978;13;355;1
979;2015;13;1
980;2017;2018;1
981;103;803;1
982;2021;2022;1
983;2024;42;1
984;2026;2027;1
985;2029;178;1
986;2032;34;1
987;1494;11;1
988;2033;2034;1
989;41;2037;1
990;1176;2039;1
991;2042;2043;1
992;52;2044;1
993;555;2046;1
994;42;1954;1
995;549;100;1
996;212;212;1
997;2048;2049;1
998;219;2050;1
999;2057;2058;1
1000;230;302;1
1001;2059;988;1
1002;2060;1378;1
1003;340;52;1
1004;270;270;1
1005;429;2061;1
1006;306;2063;1
1007;2064;11;1
1008;1038;2066;1
1009;42;2067;1
1010;355;2070;1
1011;401;310;1
1012;2072;2073;1
1013;2075;2076;1
1014;2077;2078;1
1015;2079;2080;1
1016;2081;2082;1
1017;2083;2084;1
1018;1711;771;1
1019;302;2086;1
1020;41;41;1
1021;2087;2088;1
1022;699;413;1
1023;877;2090;1
1024;2091;2092;1
1025;2093;295;1
1026;2096;2096;1
1027;2097;2098;1
1028;2101;54;1
1029;2102;2;1
1030;2103;2104;1
1031;2105;2106;1
1032;2108;429;1
1033;387;2109;1
1034;2110;1699;1
1035;2111;2112;1
1036;2113;2114;1
1037;2115;53;1
1038;1008;2117;1
1039;174;2118;1
1040;2120;2121;1
1041;82;82;1
1042;2123;877;1
1043;771;543;1
1044;2125;2126;1
1045;1021;2129;1
1046;519;11;1
1047;2131;220;1
1048;910;910;1
1049;2134;2134;1
1050;1989;2135;1
1051;2136;42;1
1052;2139;2140;1
1053;380;355;1
1054;2004;42;1
1055;2143;42;1
1056;82;2145;1
1057;2147;11;1
1058;913;2148;1
1059;512;2150;1
1060;2153;2154;1
1061;2155;2156;1
1062;2162;2163;1
1063;273;2165;1
1064;2166;2167;1
1065;2169;514;1
1066;883;2171;1
1067;1418;2107;1
1068;2174;2175;1
1069;435;435;1
1070;803;2185;1
1071;2186;2187;1
1072;100;2188;1
1073;2189;2190;1
1074;2191;2192;1
1075;2194;2195;1
1076;1516;2196;1
1077;2197;2198;1
1078;2200;88;1
1079;2201;2202;1
1080;2206;2206;1
1081;2207;2208;1
1082;63;2209;1
1083;108;219;1
1084;2210;2211;1
1085;22;2212;1
1086;2214;32;1
1087;2215;2216;1
1088;555;647;1
1089;2217;132;1
1090;2219;2220;1
1091;2222;2222;1
1092;2224;2225;1
1093;270;302;1
1094;2227;2228;1
1095;1418;1418;1
1096;2229;121;1
1097;2230;2231;1
1098;392;42;1
1099;2234;2235;1
1100;249;249;1
1101;2239;735;1
1102;2242;122;1
1103;470;2244;1
1104;2246;2247;1
1105;2248;273;1
1106;2249;2250;1
1107;2251;302;1
1108;1951;1297;1
1109;2253;2254;1
1110;2256;5;1
1111;2258;2259;1
1112;34;13;1
1113;272;272;1
1114;2265;2266;1
1115;309;430;1
1116;430;430;1
1117;2267;2268;1
1118;49;11;1
1119;2270;2271;1
1120;2274;2274;1
1121;2276;2277;1
1122;454;519;1
1123;52;52;1
1124;273;464;1
1125;2280;2281;1
1126;42;53;1
1127;52;2285;1
1128;2288;2289;1
1129;136;83;1
1130;2290;2291;1
1131;680;2292;1
1132;2293;6;1
1133;2296;2297;1
1134;2298;1797;1
1135;132;1553;1
1136;219;796;1
1137;42;42;1
1138;2303;2304;1
1139;2306;2307;1
1140;2308;2309;1
1141;2311;798;1
1142;2314;2315;1
1143;2316;2317;1
1144;2318;13;1
1145;2319;2320;1
1146;2080;82;1
1147;1132;2323;1
1148;295;295;1
1149;2325;49;1
1150;2326;80;1
1151;53;49;1
1152;2327;122;1
1153;699;699;1
1154;2330;2331;1
1155;1499;14;1
1156;2333;2334;1
1157;2335;78;1
1158;1025;118;1
1159;2337;2338;1
1160;2339;1243;1
1161;2341;2342;1
1162;1418;2345;1
1163;2347;218;1
1164;2348;2349;1
1165;2350;2351;1
1166;2353;385;1
1167;2354;2355;1
1168;147;2358;1
1169;2360;42;1
1170;2362;52;1
1171;2363;42;1
1172;2364;2365;1
1173;2366;2367;1
1174;121;2373;1
1175;2374;355;1
1176;2375;2376;1
1177;2377;2378;1
1178;2380;2381;1
1179;2383;2384;1
1180;2385;53;1
1181;1652;2387;1
1182;2388;2389;1
1183;2390;2391;1
1184;309;2394;1
1185;1385;2395;1
1186;2396;2397;1
1187;2399;121;1
1188;2400;2401;1
1189;52;2402;1
1190;2403;2404;1
1191;34;34;1
1192;2405;2406;1
1193;2407;2408;1
1194;2409;2410;1
1195;2411;625;1
1196;2413;108;1
1197;49;881;1
1198;2416;2417;1
1199;2419;392;1
1200;420;270;1
1201;2420;2421;1
1202;11;49;1
1203;2422;537;1
1204;310;921;1
1205;13;13;1
1206;54;2425;1
1207;2426;2427;1
1208;2430;2431;1
1209;2432;2433;1
1210;41;174;1
1211;2436;2437;1
1212;50;429;1
1213;2441;2442;1
1214;2446;2447;1
1215;699;1407;1
1216;2449;2450;1
1217;2451;857;1
1218;2452;2453;1
1219;2454;2455;1
1220;249;41;1
1221;2456;2457;1
1222;2460;2461;1
1223;2463;2464;1
1224;700;309;1
1225;2465;42;1
1226;83;28;1
1227;2468;2469;1
1228;681;91;1
1229;2475;2476;1
1230;2477;2478;1
1231;625;625;1
1232;2480;2481;1
1233;2485;340;1
1234;355;34;1
1235;2486;11;1
1236;2487;2488;1
1237;2491;2492;1
1238;2493;2494;1
1239;2495;343;1
1240;2499;2499;1
1241;2500;2501;1
1242;2502;2503;1
1243;2504;2505;1
1244;2508;2509;1
1245;2511;2512;1
1246;2513;614;1
1247;41;322;1
1248;405;1500;1
1249;2517;2518;1
1250;2523;2524;1
1251;2525;2526;1
1252;2527;2528;1
1253;41;1217;1
1254;680;680;1
1255;103;2533;1
1256;2535;513;1
1257;84;2537;1
1258;2538;2539;1
1259;42;2517;1
1260;2540;2541;1
1261;2542;966;1
1262;2544;2545;1
1263;1717;2548;1
1264;2551;2552;1
1265;41;2553;1
1266;2556;2557;1
1267;2558;2559;1
1268;2560;2561;1
1269;2562;2563;1
1270;1547;103;1
1271;136;49;1
1272;2566;2567;1
1273;2570;2571;1
1274;53;2573;1
1275;2378;2378;1
1276;1530;464;1
1277;460;28;1
1278;2574;2575;1
1279;2576;877;1
1280;41;34;1
1281;877;877;1
1282;2578;2578;1
1283;2580;2581;1
1284;2583;2584;1
1285;2586;2587;1
1286;1887;1887;1
1287;2590;2591;1
1288;2592;2593;1
1289;53;2595;1
1290;454;11;1
1291;2597;121;1
1292;625;2599;1
1293;1243;2600;1
1294;2601;2602;1
1295;218;2603;1
1296;123;2604;1
1297;2606;454;1
1298;2608;2609;1
1299;580;431;1
1300;11;11;1
1301;2611;1550;1
1302;2612;2613;1
1303;2616;2617;1
1304;147;302;1
1305;1008;2619;1
1306;381;2620;1
1307;2623;2624;1
1308;2625;2626;1
1309;2628;2629;1
1310;2631;2632;1
1311;11;2634;1
1312;2635;2635;1
1313;2637;121;1
1314;34;2638;1
1315;2639;2640;1
1316;2643;2644;1
1317;2647;2648;1
1318;2654;2655;1
1319;38;38;1
1320;2658;2659;1
1321;2660;2661;1
1322;2662;2662;1
1323;322;2664;1
1324;49;11;1
1325;2665;514;1
1326;2667;293;1
1327;52;2668;1
1328;2669;2670;1
1329;102;2671;1
1330;2499;5;1
1331;2672;2673;1
1332;2674;295;1
1333;1186;41;1
1334;2675;174;1
1335;2677;2678;1
1336;49;2679;1
1337;2680;2680;1
1338;20;2681;1
1339;82;225;1
1340;49;49;1
1341;555;2465;1
1342;1276;2687;1
1343;2688;2689;1
1344;11;2690;1
1345;2691;771;1
1346;2694;80;1
1347;14;378;1
1348;2696;11;1
1349;2697;2697;1
1350;2701;2702;1
1351;2703;11;1
1352;42;2704;1
1353;2706;146;1
1354;2707;41;1
1355;53;921;1
1356;159;159;1
1357;1243;2709;1
1358;137;137;1
1359;102;2712;1
1360;2713;11;1
1361;2714;2715;1
1362;2716;2717;1
1363;699;430;1
1364;2718;82;1
1365;16;355;1
1366;895;2720;1
1367;2722;2723;1
1368;2726;192;1
1369;11;514;1
1370;42;52;1
1371;405;2729;1
1372;81;81;1
1373;82;2731;1
1374;220;2732;1
1375;2733;2734;1
1376;2736;2737;1
1377;103;11;1
1378;2739;2740;1
1379;2746;2747;1
1380;776;261;1
1381;1060;771;1
1382;102;355;1
1383;2748;417;1
1384;2750;2750;1
1385;132;132;1
1386;34;2751;1
1387;2753;63;1
1388;2754;2755;1
1389;1218;2760;1
1390;2763;1711;1
1391;2765;1546;1
1392;2766;52;1
1393;2767;1834;1
1394;2769;2325;1
1395;24;2770;1
1396;136;11;1
1397;2776;340;1
1398;2462;2778;1
1399;2779;2780;1
1400;2782;270;1
1401;932;2784;1
1402;41;2787;1
1403;2788;2789;1
1404;2792;2793;1
1405;1251;1251;1
1406;2794;53;1
1407;2799;132;1
1408;22;2801;1
1409;2802;2803;1
1410;552;1294;1
1411;2808;2809;1
1412;2628;520;1
1413;1438;1439;1
1414;2811;121;1
1415;2813;2814;1
1416;2815;532;1
1417;13;2822;1
1418;2823;2824;1
1419;2825;2826;1
1420;2827;2828;1
1421;2829;310;1
1422;2830;42;1
1423;2369;11;1
1424;2833;2834;1
1425;2836;1175;1
1426;2840;103;1
1427;2841;2842;1
1428;82;82;1
1429;1494;1494;1
1430;309;2844;1
1431;2846;2116;1
1432;42;1114;1
1433;2848;2848;1
1434;2850;2851;1
1435;2854;2855;1
1436;2856;41;1
1437;2858;2859;1
1438;157;2861;1
1439;2862;2863;1
1440;2864;2865;1
1441;2868;212;1
1442;2869;2870;1
1443;2873;90;1
1444;11;84;1
1445;2874;2875;1
1446;302;261;1
1447;2876;42;1
1448;2877;273;1
1449;2878;2879;1
1450;2880;249;1
1451;2881;122;1
1452;2882;302;1
1453;355;2884;1
1454;2886;2887;1
1455;429;42;1
1456;2892;2893;1
1457;2894;2895;1
1458;2896;2897;1
1459;2898;49;1
1460;788;261;1
1461;2903;2904;1
1462;2905;2906;1
1463;1498;2907;1
1464;2908;53;1
1465;1072;1072;1
1466;2664;2910;1
1467;2911;42;1
1468;2915;2915;1
1469;2916;103;1
1470;2918;2919;1
1471;5;63;1
1472;2923;2924;1
1473;2927;22;1
1474;2928;11;1
1475;42;2929;1
1476;683;1175;1
1477;2932;2535;1
1478;513;2422;1
1479;2934;2935;1
1480;103;103;1
1481;102;24;1
1482;132;2937;1
1483;2938;2939;1
1484;2941;430;1
1485;476;102;1
1486;102;2338;1
1487;2944;2945;1
1488;2947;736;1
1489;2948;82;1
1490;2949;42;1
1491;2953;2954;1
1492;2955;13;1
1493;2956;2957;1
1494;430;2958;1
1495;49;49;1
1496;121;2959;1
1497;2960;88;1
1498;464;2963;1
1499;2964;2965;1
1500;2966;2967;1
1501;2968;2969;1
1502;395;2970;1
1503;219;2971;1
1504;2972;84;1
1505;1549;2973;1
1506;1707;2974;1
1507;11;11;1
1508;13;13;1
1509;2975;2976;1
1510;498;2977;1
1511;2978;2979;1
1512;355;49;1
1513;2980;2437;1
1514;2984;1374;1
1515;2986;2987;1
1516;2990;2991;1
1517;2992;2992;1
1518;2993;2994;1
1519;788;2995;1
1520;22;22;1
1521;230;2998;1
1522;2999;3000;1
1523;3003;851;1
1524;3004;3005;1
1525;3008;3009;1
1526;771;771;1
1527;66;41;1
1528;3012;429;1
1529;309;309;1
1530;2368;3013;1
1531;3016;3017;1
1532;3018;3018;1
1533;54;53;1
1534;8;3021;1
1535;309;309;1
1536;3025;3026;1
1537;3028;49;1
1538;3029;3030;1
1539;53;42;1
1540;212;3032;1
1541;132;132;1
1542;3033;3034;1
1543;3035;454;1
1544;3036;108;1
1545;3037;309;1
1546;1111;3038;1
1547;102;3039;1
1548;103;103;1
1549;3044;2556;1
1550;22;3047;1
1551;11;53;1
1552;49;3048;1
1553;3051;3052;1
1554;24;3056;1
1555;3060;3061;1
1556;3063;3064;1
1557;3066;3066;1
1558;102;3068;1
1559;53;3069;1
1560;3072;3073;1
1561;212;1763;1
1562;3074;3075;1
1563;208;3077;1
1564;3078;3079;1
1565;3080;295;1
1566;3081;3082;1
1567;3083;641;1
1568;1217;3084;1
1569;2337;3090;1
1570;82;1888;1
1571;3091;3091;1
1572;3092;3093;1
1573;3094;3094;1
1574;53;11;1
1575;3095;3096;1
1576;3098;1197;1
1577;42;3099;1
1578;3101;405;1
1579;3102;3103;1
1580;54;1938;1
1581;3105;3106;1
1582;3107;2369;1
1583;951;3108;1
1584;3109;52;1
1585;11;53;1
1586;197;54;1
1587;11;11;1
1588;3111;3112;1
1589;896;2647;1
1590;48;3114;1
1591;309;3115;1
1592;3117;220;1
1593;3118;3119;1
1594;3121;3122;1
1595;3124;3125;1
1596;3126;138;1
1597;3130;803;1
1598;3131;3132;1
1599;1418;3133;1
1600;3134;13;1
1601;3135;3136;1
1602;23;230;1
1603;3141;1330;1
1604;3143;3144;1
1605;3146;3147;1
1606;11;3148;1
1607;309;3150;1
1608;3153;3154;1
1609;52;3156;1
1610;3157;2799;1
1611;890;3031;1
1612;2075;647;1
1613;3159;49;1
1614;91;3160;1
1615;322;3162;1
1616;90;108;1
1617;34;3163;1
1618;343;3165;1
1619;3166;3167;1
1620;3169;3170;1
1621;3171;3172;1
1622;3174;2369;1
1623;3177;3178;1
1624;3180;3181;1
1625;2466;3185;1
1626;343;3186;1
1627;81;81;1
1628;3187;49;1
1629;930;1653;1
1630;3188;90;1
1631;480;480;1
1632;2457;43;1
1633;14;3189;1
1634;3190;2569;1
1635;287;3194;1
1636;3196;3197;1
1637;776;941;1
1638;3201;3201;1
1639;464;3203;1
1640;53;3206;1
1641;3207;3208;1
1642;3210;3211;1
1643;3213;3214;1
1644;2785;3216;1
1645;3217;3218;1
1646;13;3220;1
1647;136;52;1
1648;47;3225;1
1649;3226;3227;1
1650;3229;786;1
1651;552;3230;1
1652;2480;3231;1
1653;3233;3234;1
1654;3235;3236;1
1655;118;2036;1
1656;1197;3238;1
1657;26;3239;1
1658;3240;2921;1
1659;3244;3244;1
1660;3245;52;1
1661;3247;1803;1
1662;3250;3251;1
1663;3253;3254;1
1664;212;212;1
1665;272;3256;1
1666;66;418;1
1667;3257;3258;1
1668;3259;3259;1
1669;11;121;1
1670;3261;3261;1
1671;376;53;1
1672;580;3262;1
1673;3266;3267;1
1674;3272;3273;1
1675;66;3274;1
1676;1711;1711;1
1677;3278;3279;1
1678;3280;3281;1
1679;3285;1190;1
1680;23;20;1
1681;49;121;1
1682;938;309;1
1683;2569;2569;1
1684;3288;43;1
1685;3289;121;1
1686;1381;3290;1
1687;3291;3292;1
1688;3293;3294;1
1689;3297;3298;1
1690;3299;1849;1
1691;857;355;1
1692;3300;3301;1
1693;3302;3303;1
1694;454;454;1
1695;3305;53;1
1696;3306;1008;1
1697;3309;3310;1
1698;3311;534;1
1699;1198;3313;1
1700;3316;88;1
1701;2956;683;1
1702;3318;11;1
1703;3319;3320;1
1704;577;3321;1
1705;429;103;1
1706;3323;3324;1
1707;3325;3326;1
1708;53;3329;1
1709;135;5;1
1710;49;3334;1
1711;219;2733;1
1712;84;1395;1
1713;309;3335;1
1714;447;447;1
1715;52;11;1
1716;261;53;1
1717;3336;3337;1
1718;3341;3342;1
1719;3346;3347;1
1720;1530;3348;1
1721;3349;3350;1
1722;2369;392;1
1723;3356;3357;1
1724;3358;11;1
1725;3360;938;1
1726;3363;1933;1
1727;3364;536;1
1728;3366;3367;1
1729;3369;287;1
1730;53;1072;1
1731;3370;1547;1
1732;3371;1499;1
1733;355;355;1
1734;322;343;1
1735;2909;3374;1
1736;1175;3375;1
1737;3377;1112;1
1738;2966;803;1
1739;221;180;1
1740;683;3378;1
1741;52;103;1
1742;280;508;1
1743;273;3380;1
1744;56;3384;1
1745;295;930;1
1746;481;2325;1
1747;146;146;1
1748;3296;3385;1
1749;41;108;1
1750;2346;3387;1
1751;3389;3390;1
1752;11;11;1
1753;1535;3391;1
1754;3392;644;1
1755;3394;280;1
1756;54;80;1
1757;3396;3036;1
1758;910;80;1
1759;3397;1996;1
1760;3398;3399;1
1761;2555;52;1
1762;4;1834;1
1763;3404;3405;1
1764;3408;3409;1
1765;385;454;1
1766;3411;103;1
1767;3412;3413;1
1768;3415;699;1
1769;3416;3417;1
1770;309;11;1
1771;81;81;1
1772;343;343;1
1773;3420;2038;1
1774;3421;3421;1
1775;3425;589;1
1776;53;53;1
1777;3426;1989;1
1778;1470;3428;1
1779;146;52;1
1780;3429;41;1
1781;49;2334;1
1782;3431;3432;1
1783;3433;67;1
1784;3435;3436;1
1785;3437;3438;1
1786;3441;3442;1
1787;3443;3444;1
1788;3449;3450;1
1789;322;322;1
1790;49;1689;1
1791;683;683;1
1792;3453;1938;1
1793;3454;3455;1
1794;91;3458;1
1795;3459;3460;1
1796;429;3464;1
1797;3467;52;1
1798;34;3468;1
1799;102;121;1
1800;3469;5;1
1801;2149;3475;1
1802;1112;3476;1
1803;2628;370;1
1804;309;13;1
1805;3477;3478;1
1806;3479;3480;1
1807;219;3482;1
1808;1849;1849;1
1809;11;11;1
1810;208;11;1
1811;3484;3485;1
1812;3486;2747;1
1813;513;3012;1
1814;3020;11;1
1815;3490;1752;1
1816;913;681;1
1817;2369;11;1
1818;429;3494;1
1819;846;3495;1
1820;3496;515;1
1821;3497;318;1
1822;52;3499;1
1823;3500;53;1
1824;273;1107;1
1825;3503;753;1
1826;146;3505;1
1827;1711;1711;1
1828;132;3506;1
1829;3508;54;1
1830;219;34;1
1831;417;3510;1
1832;3511;3512;1
1833;3514;3515;1
1834;309;3516;1
1835;3518;3519;1
1836;689;5;1
1837;3521;3522;1
1838;519;5;1
1839;1545;3525;1
1840;3528;3529;1
1841;3530;42;1
1842;823;287;1
1843;90;3531;1
1844;825;3532;1
1845;3535;249;1
1846;3537;11;1
1847;997;3538;1
1848;989;537;1
1849;3544;3545;1
1850;3546;3547;1
1851;413;413;1
1852;2556;376;1
1853;132;644;1
1854;102;869;1
1855;43;1834;1
1856;26;26;1
1857;430;3557;1
1858;3558;753;1
1859;56;66;1
1860;309;101;1
1861;3567;3568;1
1862;3569;3570;1
1863;3571;3572;1
1864;395;3573;1
1865;3574;3575;1
1866;3576;3577;1
1867;3578;49;1
1868;3579;3580;1
1869;3583;3584;1
1870;3586;3587;1
1871;3589;3590;1
1872;67;67;1
1873;3591;3592;1
1874;2716;2716;1
1875;3597;3598;1
1876;47;3599;1
1877;82;3602;1
1878;3603;309;1
1879;3604;3605;1
1880;1197;1197;1
1881;3606;3607;1
1882;53;3610;1
1883;16;309;1
1884;230;230;1
1885;3612;2594;1
1886;53;3613;1
1887;3614;174;1
1888;3616;845;1
1889;3617;18;1
1890;34;470;1
1891;951;432;1
1892;309;3618;1
1893;1021;309;1
1894;3620;3621;1
1895;3622;3623;1
1896;1212;1212;1
1897;3624;3625;1
1898;3627;3628;1
1899;261;3630;1
1900;867;3632;1
1901;188;3634;1
1902;42;42;1
1903;273;405;1
1904;1665;3640;1
1905;3641;3642;1
1906;3647;3648;1
1907;90;1072;1
1908;3652;108;1
1909;3653;3654;1
1910;3655;3656;1
1911;54;2747;1
1912;3658;3659;1
1913;3661;3662;1
1914;3664;3665;1
1915;41;845;1
1916;220;3667;1
1917;532;796;1
1918;1647;121;1
1919;1971;3670;1
1920;3673;3674;1
1921;2535;1479;1
1922;3675;3676;1
1923;3677;512;1
1924;40;40;1
1925;3679;736;1
1926;272;3681;1
1927;3683;42;1
1928;1072;3687;1
1929;330;3689;1
1930;3692;3693;1
1931;782;302;1
1932;460;3694;1
1933;3696;3697;1
1934;3701;3702;1
1935;3704;3704;1
1936;1079;3706;1
1937;3707;135;1
1938;3708;699;1
1939;454;2849;1
1940;2116;3710;1
1941;11;11;1
1942;744;54;1
1943;90;90;1
1944;3713;204;1
1945;3715;3716;1
1946;3717;3718;1
1947;81;54;1
1948;3720;121;1
1949;3721;3722;1
1950;2107;3723;1
1951;680;307;1
1952;701;3725;1
1953;3727;91;1
1954;3729;405;1
1955;3730;1491;1
1956;3732;53;1
1957;132;132;1
1958;53;3733;1
1959;906;906;1
1960;3734;3735;1
1961;3740;3741;1
1962;3742;3743;1
1963;41;1887;1
1964;3747;53;1
1965;596;122;1
1966;3748;52;1
1967;3749;3750;1
1968;3751;49;1
1969;3753;1378;1
1970;3756;3757;1
1971;803;803;1
1972;49;280;1
1973;53;42;1
1974;3761;3762;1
1975;3765;3766;1
1976;3767;3768;1
1977;3769;3770;1
1978;941;13;1
1979;3772;3773;1
1980;3779;3780;1
1981;3781;3782;1
1982;3783;3784;1
1983;1355;3786;1
1984;1153;3787;1
1985;41;3788;1
1986;54;418;1
1987;183;84;1
1988;3790;745;1
1989;3791;499;1
1990;249;2579;1
1991;3794;132;1
1992;5;3795;1
1993;1276;1276;1
1994;2556;3797;1
1995;3798;3799;1
1996;3800;103;1
1997;2533;3801;1
1998;537;537;1
1999;272;2323;1
2000;1887;3286;1
2001;132;132;1
2002;3804;3805;1
2003;11;11;1
2004;1184;3807;1
2005;135;178;1
2006;3809;3810;1
2007;3812;3812;1
2008;3814;3815;1
2009;3816;3817;1
2010;938;3820;1
2011;3821;11;1
2012;3825;3826;1
2013;3827;243;1
2014;22;322;1
2015;309;3828;1
2016;683;295;1
2017;3829;3829;1
2018;273;273;1
2019;3830;121;1
2020;3831;3832;1
2021;3834;317;1
2022;103;103;1
2023;3836;3837;1
2024;174;174;1
2025;53;883;1
2026;3840;14;1
2027;3841;67;1
2028;906;132;1
2029;3843;3844;1
2030;3847;330;1
2031;460;3852;1
2032;3853;3854;1
2033;105;102;1
2034;52;49;1
2035;3857;273;1
2036;3858;3859;1
2037;3860;147;1
2038;3861;52;1
2039;3862;3863;1
2040;385;3864;1
2041;11;49;1
2042;1647;53;1
2043;3865;3866;1
2044;3868;11;1
2045;681;2716;1
2046;82;3870;1
2047;3871;572;1
2048;103;3872;1
2049;3873;3874;1
2050;54;1221;1
2051;3875;3876;1
2052;3879;3880;1
2053;3882;1297;1
2054;1640;3883;1
2055;302;883;1
2056;295;1175;1
2057;3887;3888;1
2058;49;3890;1
2059;3893;1665;1
2060;3895;135;1
2061;132;132;1
2062;456;212;1
2063;3020;52;1
2064;3898;429;1
2065;3899;3900;1
2066;136;867;1
2067;3902;174;1
2068;2716;3903;1
2069;3905;882;1
2070;683;3908;1
2071;3909;498;1
2072;59;3912;1
2073;1281;3914;1
2074;3915;3916;1
2075;3917;3918;1
2076;38;3920;1
2077;430;49;1
2078;232;3922;1
2079;3923;3924;1
2080;64;647;1
2081;3926;3927;1
2082;3929;3929;1
2083;405;220;1
2084;3930;3931;1
2085;1640;3933;1
2086;3935;3936;1
2087;3938;3939;1
2088;14;3943;1
2089;3944;122;1
2090;1647;3945;1
2091;3946;3947;1
2092;3950;3951;1
2093;3953;2003;1
2094;2716;2569;1
2095;3957;3958;1
2096;3961;132;1
2097;3962;3963;1
2098;49;11;1
2099;1631;53;1
2100;132;132;1
2101;3965;287;1
2102;3967;309;1
2103;100;3968;1
2104;3969;3970;1
2105;3971;11;1
2106;3972;302;1
2107;3974;273;1
2108;754;3975;1
2109;34;3977;1
2110;3978;124;1
2111;3979;8;1
2112;42;3982;1
2113;429;3984;1
2114;41;42;1
2115;532;532;1
2116;3988;42;1
2117;930;3989;1
2118;3990;3991;1
2119;3992;702;1
2120;272;2966;1
2121;1545;1545;1
2122;43;3995;1
2123;733;3997;1
2124;121;4000;1
2125;2062;4002;1
2126;4003;4004;1
2127;2941;1763;1
2128;1547;4005;1
2129;502;4006;1
2130;4009;385;1
2131;4012;4013;1
2132;4014;4015;1
2133;1341;295;1
2134;52;13;1
2135;82;454;1
2136;4018;4019;1
2137;4020;4021;1
2138;4023;4024;1
2139;230;400;1
2140;429;4026;1
2141;42;121;1
2142;534;4029;1
2143;4030;119;1
2144;476;4031;1
2145;4032;4033;1
2146;4038;4039;1
2147;4043;4043;1
2148;4044;4045;1
2149;761;4048;1
2150;4051;4052;1
2151;4057;4058;1
2152;4059;4060;1
2153;4066;41;1
2154;4067;4068;1
2155;4071;4072;1
2156;88;644;1
2157;11;287;1
2158;702;49;1
2159;4075;4076;1
2160;4077;82;1
2161;4080;4081;1
2162;119;11;1
2163;4083;4084;1
2164;480;480;1
2165;4085;208;1
2166;49;754;1
2167;4088;4089;1
2168;2369;4090;1
2169;4091;4092;1
2170;4093;4094;1
2171;102;102;1
2172;82;4096;1
2173;680;1374;1
2174;4097;4098;1
2175;4101;4102;1
2176;2434;4107;1
2177;52;3206;1
2178;34;309;1
2179;4110;4111;1
2180;4116;4117;1
2181;4118;417;1
2182;11;80;1
2183;4119;4119;1
2184;3795;4120;1
2185;4121;78;1
2186;2136;4123;1
2187;4124;136;1
2188;53;4125;1
2189;4127;295;1
2190;4129;385;1
2191;53;4130;1
2192;4131;49;1
2193;4132;287;1
2194;53;4133;1
2195;4134;4135;1
2196;103;4136;1
2197;49;501;1
2198;43;387;1
2199;11;49;1
2200;4140;4141;1
2201;4144;4145;1
2202;4147;4148;1
2203;124;906;1
2204;4151;4152;1
2205;136;4154;1
2206;1717;1167;1
2207;4156;4157;1
2208;2630;4158;1
2209;1080;295;1
2210;309;4161;1
2211;4162;53;1
2212;997;997;1
2213;4165;4166;1
2214;4173;4174;1
2215;4178;4178;1
2216;4180;2535;1
2217;4182;764;1
2218;103;49;1
2219;63;11;1
2220;513;4183;1
2221;4184;4185;1
2222;24;1569;1
2223;4186;2082;1
2224;4187;102;1
2225;4190;4191;1
2226;4192;4193;1
2227;4196;754;1
2228;699;4197;1
2229;2334;2334;1
2230;4199;1234;1
2231;4200;49;1
2232;2803;2803;1
2233;81;81;1
2234;3673;3977;1
2235;4201;2417;1
2236;295;385;1
2237;2734;4203;1
2238;1175;4205;1
2239;4206;4207;1
2240;4209;4210;1
2241;4212;11;1
2242;4213;430;1
2243;4214;54;1
2244;122;913;1
2245;915;302;1
2246;4218;4219;1
2247;4220;3633;1
2248;4221;4222;1
2249;192;4223;1
2250;4224;4225;1
2251;2144;42;1
2252;4226;4226;1
2253;4229;4230;1
2254;4231;4231;1
2255;4232;4233;1
2256;4237;4238;1
2257;4239;4240;1
2258;641;4245;1
2259;3032;102;1
2260;4247;4248;1
2261;5;53;1
2262;4255;3600;1
2263;4259;4260;1
2264;498;454;1
2265;4261;4262;1
2266;49;309;1
2267;4269;204;1
2268;270;1184;1
2269;4271;4272;1
2270;4273;355;1
2271;4274;4274;1
2272;220;1115;1
2273;220;644;1
2274;13;273;1
2275;418;103;1
2276;49;2044;1
2277;462;4278;1
2278;322;322;1
2279;11;11;1
2280;4281;4282;1
2281;4284;3105;1
2282;4285;4286;1
2283;2806;2806;1
2284;4287;270;1
2285;32;4288;1
2286;309;4289;1
2287;1711;1711;1
2288;4290;4291;1
2289;4292;4293;1
2290;13;1000;1
2291;4296;41;1
2292;4297;121;1
2293;4299;508;1
2294;4300;4301;1
2295;4304;4304;1
2296;4307;4308;1
2297;4309;4310;1
2298;119;941;1
2299;4311;53;1
2300;302;295;1
2301;4313;683;1
2302;631;273;1
2303;4315;105;1
2304;83;11;1
2305;343;343;1
2306;13;302;1
2307;41;417;1
2308;764;909;1
2309;295;4319;1
2310;4320;211;1
2311;4321;63;1
2312;4322;23;1
2313;11;4324;1
2314;2255;2369;1
2315;4326;4327;1
2316;4331;4332;1
2317;4333;4334;1
2318;4335;4335;1
2319;4337;4338;1
2320;121;4340;1
2321;514;3494;1
2322;4342;4342;1
2323;4344;4345;1
2324;597;1711;1
2325;4347;11;1
2326;1183;4348;1
2327;3825;355;1
2328;763;4350;1
2329;49;49;1
2330;4351;4352;1
2331;4354;430;1
2332;4355;24;1
2333;353;2291;1
2334;4356;502;1
2335;4357;4358;1
2336;4359;4360;1
2337;1547;4361;1
2338;103;366;1
2339;5;11;1
2340;4363;1658;1
2341;4367;309;1
2342;4368;4369;1
2343;54;421;1
2344;941;941;1
2345;4371;4372;1
2346;88;102;1
2347;1009;4373;1
2348;4375;1087;1
2349;4376;4377;1
2350;4378;273;1
2351;41;4379;1
2352;1711;124;1
2353;4383;513;1
2354;2851;4384;1
2355;4387;4388;1
2356;683;4389;1
2357;53;4391;1
2358;4392;4393;1
2359;4394;4395;1
2360;4397;555;1
2361;4398;4399;1
2362;752;752;1
2363;4405;49;1
2364;102;123;1
2365;4406;4407;1
2366;4408;4409;1
2367;454;4412;1
2368;1640;4414;1
2369;4416;13;1
2370;4418;1186;1
2371;1535;136;1
2372;66;4421;1
2373;4422;4423;1
2374;322;322;1
2375;4427;4428;1
2376;318;91;1
2377;309;1981;1
2378;4430;42;1
2379;4433;4434;1
2380;4435;4436;1
2381;4440;4441;1
2382;814;42;1
2383;405;4442;1
2384;429;4444;1
2385;41;4446;1
2386;108;132;1
2387;4448;4449;1
2388;63;11;1
2389;4450;4451;1
2390;4452;2230;1
2391;405;4454;1
2392;3929;4455;1
2393;1977;1977;1
2394;4458;4459;1
2395;4460;4461;1
2396;4465;4466;1
2397;966;560;1
2398;4469;4470;1
2399;3881;4471;1
2400;1547;173;1
2401;4474;4475;1
2402;4477;53;1
2403;52;1912;1
2404;4478;4479;1
2405;4480;202;1
2406;84;11;1
2407;4481;4482;1
2408;4483;4483;1
2409;13;3381;1
2410;132;4485;1
2411;4488;103;1
2412;3337;41;1
2413;2491;11;1
2414;4491;4492;1
2415;4494;4495;1
2416;4497;4498;1
2417;4499;4500;1
2418;52;52;1
2419;230;4502;1
2420;699;1494;1
2421;219;219;1
2422;103;4504;1
2423;2231;1212;1
2424;4506;4507;1
2425;4508;11;1
2426;4509;4510;1
2427;658;658;1
2428;2346;4513;1
2429;3410;867;1
2430;4515;4516;1
2431;4517;4518;1
2432;4521;514;1
2433;4524;4525;1
2434;4527;132;1
2435;4529;4530;1
2436;4531;1175;1
2437;329;41;1
2438;4532;2991;1
2439;42;66;1
2440;132;11;1
2441;4534;4535;1
2442;1732;4537;1
2443;4539;52;1
2444;2816;4540;1
2445;4542;11;1
2446;4543;20;1
2447;4544;4545;1
2448;4546;4547;1
2449;4548;4549;1
2450;4552;385;1
2451;309;212;1
2452;4553;4554;1
2453;54;49;1
2454;4557;5;1
2455;2765;54;1
2456;49;454;1
2457;34;13;1
2458;4563;4564;1
2459;4566;4566;1
2460;4567;803;1
2461;4568;4569;1
2462;4573;53;1
2463;692;514;1
2464;4574;4575;1
2465;4576;4577;1
2466;4578;498;1
2467;4580;4581;1
2468;4582;302;1
2469;464;1630;1
2470;4583;4584;1
2471;63;135;1
2472;4587;4366;1
2473;53;4590;1
2474;24;4591;1
2475;4593;1547;1
2476;4594;261;1
2477;135;4595;1
2478;82;699;1
2479;4598;932;1
2480;2075;4599;1
2481;4600;1184;1
2482;2806;4601;1
2483;4163;4163;1
2484;52;4602;1
2485;4603;4604;1
2486;53;376;1
2487;34;4606;1
2488;4607;4608;1
2489;4610;49;1
2490;4611;552;1
2491;84;4612;1
2492;429;429;1
2493;4613;4614;1
2494;4615;4616;1
2495;2346;4618;1
2496;4620;2841;1
2497;4621;4622;1
2498;232;49;1
2499;4625;4625;1
2500;32;4628;1
2501;4631;4631;1
2502;309;4632;1
2503;53;680;1
2504;4633;53;1
2505;230;230;1
2506;20;4636;1
2507;4637;763;1
2508;430;430;1
2509;2668;55;1
2510;4641;302;1
2511;4642;376;1
2512;4643;4644;1
2513;4645;4645;1
2514;4646;4647;1
2515;4648;508;1
2516;136;4649;1
2517;132;803;1
2518;4651;681;1
2519;1115;295;1
2520;2785;2785;1
2521;11;11;1
2522;447;1640;1
2523;635;635;1
2524;49;4653;1
2525;1455;1455;1
2526;11;4654;1
2527;49;11;1
2528;4655;4656;1
2529;2934;2934;1
2530;4659;270;1
2531;23;1516;1
2532;4660;4661;1
2533;1732;498;1
2534;4665;3200;1
2535;4666;121;1
2536;4667;49;1
2537;4669;513;1
2538;52;52;1
2539;63;1072;1
2540;1175;4671;1
2541;4673;4674;1
2542;52;4677;1
2543;4678;4679;1
2544;448;1134;1
2545;1849;1849;1
2546;4680;309;1
2547;1378;4681;1
2548;135;2680;1
2549;322;322;1
2550;34;8;1
2551;4682;4683;1
2552;760;4685;1
2553;49;1547;1
2554;386;3825;1
2555;355;4687;1
2556;429;429;1
2557;1330;4689;1
2558;4691;4692;1
2559;938;4693;1
2560;4694;42;1
2561;211;91;1
2562;988;1450;1
2563;4696;4697;1
2564;3704;3704;1
2565;4698;4699;1
2566;4700;4701;1
2567;208;208;1
2568;2127;555;1
2569;4705;4706;1
2570;4708;82;1
2571;3944;4709;1
2572;4710;302;1
2573;302;302;1
2574;4713;4714;1
2575;4715;4716;1
2576;4718;683;1
2577;4722;24;1
2578;683;683;1
2579;4724;4725;1
2580;52;41;1
2581;2911;4726;1
2582;454;454;1
2583;4730;1500;1
2584;4732;4733;1
2585;4734;4735;1
2586;4741;4622;1
2587;1640;683;1
2588;4745;4746;1
2589;4748;4749;1
2590;4750;82;1
2591;4751;4752;1
2592;4753;119;1
2593;4755;4756;1
2594;343;4759;1
2595;22;4762;1
2596;917;4763;1
2597;4766;4767;1
2598;4771;2335;1
2599;4772;52;1
2600;1276;4773;1
2601;4774;4775;1
2602;13;13;1
2603;4776;4777;1
2604;4779;211;1
2605;4784;353;1
2606;4785;4786;1
2607;4787;220;1
2608;4788;1732;1
2609;101;202;1
2610;4789;4790;1
2611;132;132;1
2612;4793;1145;1
2613;355;261;1
2614;4795;4796;1
2615;103;310;1
2616;4799;4800;1
2617;66;4802;1
2618;4803;4804;1
2619;103;4806;1
2620;4807;4808;1
2621;52;751;1
2622;11;11;1
2623;4810;11;1
2624;4811;1000;1
2625;4812;4813;1
2626;11;11;1
2627;135;4602;1
2628;4815;4816;1
2629;4818;42;1
2630;52;52;1
2631;4822;4823;1
2632;4824;4825;1
2633;4826;4827;1
2634;4828;4829;1
2635;1145;309;1
2636;49;49;1
2637;4836;549;1
2638;1494;1494;1
2639;4837;4838;1
2640;180;272;1
2641;309;66;1
2642;405;4841;1
2643;4842;4843;1
2644;302;219;1
2645;4846;429;1
2646;4847;519;1
2647;102;4848;1
2648;4850;49;1
2649;1048;480;1
2650;4852;4853;1
2651;322;803;1
2652;4854;4855;1
2653;4558;4857;1
2654;11;11;1
2655;4858;4859;1
2656;4860;212;1
2657;713;713;1
2658;4864;1407;1
2659;4032;552;1
2660;4868;2747;1
2661;4869;4186;1
2662;136;1278;1
2663;81;81;1
2664;4870;4871;1
2665;272;702;1
2666;1545;1545;1
2667;103;84;1
2668;4881;498;1
2669;13;122;1
2670;11;103;1
2671;4883;52;1
2672;4884;4885;1
2673;4886;4887;1
2674;4891;22;1
2675;41;5;1
2676;909;4894;1
2677;4895;429;1
2678;1278;1278;1
2679;4896;34;1
2680;4898;4899;1
2681;32;32;1
2682;1120;447;1
2683;4902;4903;1
2684;4904;4905;1
2685;103;508;1
2686;81;81;1
2687;11;103;1
2688;4907;4908;1
2689;4912;4913;1
2690;4268;4914;1
2691;4917;925;1
2692;353;353;1
2693;4918;1740;1
2694;90;52;1
2695;611;4920;1
2696;4922;4923;1
2697;3184;4924;1
2698;4925;4926;1
2699;3260;4928;1
2700;4929;4930;1
2701;4932;4933;1
2702;11;11;1
2703;42;230;1
2704;624;3020;1
2705;4934;4934;1
2706;4936;4808;1
2707;470;4938;1
2708;84;121;1
2709;4940;4941;1
2710;103;103;1
2711;1117;135;1
2712;4942;4943;1
2713;4944;4944;1
2714;329;4946;1
2715;743;1450;1
2716;4161;4948;1
2717;823;4949;1
2718;4950;4951;1
2719;80;4953;1
2720;2001;4955;1
2721;4956;4957;1
2722;309;309;1
2723;4960;4961;1
2724;42;42;1
2725;1547;508;1
2726;4966;513;1
2727;4968;4969;1
2728;53;302;1
2729;932;4972;1
2730;42;14;1
2731;4975;4976;1
2732;4978;4979;1
2733;753;4980;1
2734;4981;4982;1
2735;4984;4985;1
2736;4986;4987;1
2737;2971;4989;1
2738;4990;4991;1
2739;4993;4993;1
2740;4994;84;1
2741;11;42;1
2742;4995;4996;1
2743;4997;4998;1
2744;5000;5000;1
2745;5002;5003;1
2746;5007;146;1
2747;1175;1175;1
2748;514;5009;1
2749;273;49;1
2750;754;754;1
2751;1099;5011;1
2752;5014;5015;1
2753;5017;5018;1
2754;5019;5020;1
2755;309;5022;1
2756;5024;5025;1
2757;309;118;1
2758;287;52;1
2759;5026;5027;1
2760;302;1547;1
2761;5029;52;1
2762;3164;5031;1
2763;5034;1115;1
2764;5035;295;1
2765;5036;5037;1
2766;5041;5042;1
2767;64;11;1
2768;295;103;1
2769;26;3200;1
2770;5046;13;1
2771;5047;5048;1
2772;230;43;1
2773;5050;5050;1
2774;53;11;1
2775;136;49;1
2776;801;2902;1
2777;2329;5051;1
2778;340;14;1
2779;5052;5053;1
2780;212;309;1
2781;3856;1741;1
2782;2325;2325;1
2783;83;83;1
2784;5055;5056;1
2785;5057;5058;1
2786;270;5059;1
2787;206;5060;1
2788;5062;5063;1
2789;5065;49;1
2790;743;5066;1
2791;5068;88;1
2792;13;5069;1
2793;49;2517;1
2794;230;5071;1
2795;280;5075;1
2796;5077;5078;1
2797;5079;5080;1
2798;5082;5083;1
2799;302;5085;1
2800;699;4573;1
2801;5086;174;1
2802;5087;53;1
2803;1516;1147;1
2804;5090;5091;1
2805;5094;5095;1
2806;5097;5098;1
2807;270;280;1
2808;270;270;1
2809;5099;4946;1
2810;702;5100;1
2811;54;11;1
2812;5102;5103;1
2813;5104;5105;1
2814;435;5107;1
2815;63;4535;1
2816;53;5110;1
2817;4567;5111;1
2818;5113;5114;1
2819;3476;174;1
2820;5117;5118;1
2821;5120;5121;1
2822;41;5125;1
2823;5129;212;1
2824;5130;14;1
2825;5131;302;1
2826;124;124;1
2827;84;5133;1
2828;42;52;1
2829;5136;5137;1
2830;5138;5139;1
2831;42;1787;1
2832;9;9;1
2833;5140;5141;1
2834;5142;429;1
2835;5143;5144;1
2836;11;2492;1
2837;3894;3894;1
2838;5146;5146;1
2839;883;5149;1
2840;5152;930;1
2841;5155;5156;1
2842;3600;520;1
2843;50;50;1
2844;5157;5158;1
2845;5161;52;1
2846;5162;2437;1
2847;84;640;1
2848;702;5163;1
2849;5166;5167;1
2850;54;5168;1
2851;5169;5170;1
2852;513;513;1
2853;5171;3704;1
2854;825;764;1
2855;5172;5173;1
2856;5174;5175;1
2857;103;699;1
2858;454;11;1
2859;5180;5181;1
2860;5182;14;1
2861;5183;5184;1
2862;1391;41;1
2863;5186;5187;1
2864;5189;856;1
2865;53;49;1
2866;1849;1849;1
2867;13;13;1
2868;5192;5193;1
2869;5195;5196;1
2870;49;49;1
2871;287;5200;1
2872;220;5201;1
2873;295;5202;1
2874;5203;5204;1
2875;1711;1711;1
2876;42;42;1
2877;5206;5207;1
2878;5210;5211;1
2879;5212;54;1
2880;13;4616;1
2881;405;5214;1
2882;5215;5216;1
2883;370;743;1
2884;5220;552;1
2885;554;5224;1
2886;5225;5226;1
2887;5228;5229;1
2888;5231;5232;1
2889;49;5234;1
2890;53;53;1
2891;5235;5236;1
2892;5239;5240;1
2893;1292;1292;1
2894;5241;2116;1
2895;42;5242;1
2896;5243;5244;1
2897;5245;5246;1
2898;5247;5248;1
2899;5249;3944;1
2900;1849;5252;1
2901;5254;5255;1
2902;5256;5257;1
2903;5258;5259;1
2904;43;13;1
2905;5261;5262;1
2906;5263;13;1
2907;5264;13;1
2908;5265;5266;1
2909;384;302;1
2910;5268;2785;1
2911;309;309;1
2912;988;42;1
2913;309;309;1
2914;14;11;1
2915;5269;5270;1
2916;59;5273;1
2917;5275;53;1
2918;5276;302;1
2919;2222;2074;1
2920;5277;34;1
2921;5278;91;1
2922;2325;103;1
2923;5280;5281;1
2924;5282;5283;1
2925;5285;5286;1
2926;5288;5288;1
2927;5289;5290;1
2928;513;5292;1
2929;5293;5294;1
2930;580;5298;1
2931;5299;5300;1
2932;355;52;1
2933;1234;5302;1
2934;43;5303;1
2935;178;88;1
2936;5304;5305;1
2937;49;5061;1
2938;5307;5308;1
2939;42;1184;1
2940;302;302;1
2941;5310;5310;1
2942;5312;2107;1
2943;890;3806;1
2944;5314;5315;1
2945;5318;1374;1
2946;5319;41;1
2947;5320;5321;1
2948;5322;514;1
2949;5323;355;1
2950;5324;5325;1
2951;699;699;1
2952;464;2569;1
2953;5329;512;1
2954;1475;11;1
2955;5330;84;1
2956;454;5331;1
2957;5332;5333;1
2958;5033;2108;1
2959;5336;5337;1
2960;82;5340;1
2961;736;5342;1
2962;5345;1111;1
2963;5348;5349;1
2964;41;103;1
2965;4827;82;1
2966;22;22;1
2967;11;1115;1
2968;5353;1797;1
2969;635;2679;1
2970;5355;5356;1
2971;1740;11;1
2972;5307;103;1
2973;1555;1269;1
2974;66;11;1
2975;5358;5359;1
2976;5360;5361;1
2977;66;5362;1
2978;5364;1989;1
2979;5366;5367;1
2980;5368;5369;1
2981;5277;340;1
2982;5370;5370;1
2983;50;513;1
2984;513;5371;1
2985;5372;5373;1
2986;5374;5375;1
2987;5378;5379;1
2988;42;42;1
2989;5381;5382;1
2990;2465;3819;1
2991;49;270;1
2992;3673;5383;1
2993;2594;5384;1
2994;5385;699;1
2995;34;34;1
2996;5387;420;1
2997;11;1647;1
2998;890;2369;1
2999;5388;5389;1
3000;5390;448;1
3001;417;42;1
3002;429;3546;1
3003;5397;680;1
3004;287;5399;1
3005;5400;5401;1
3006;81;81;1
3007;54;103;1
3008;5404;24;1
3009;2115;5406;1
3010;680;429;1
3011;212;212;1
3012;5412;4567;1
3013;174;5413;1
3014;5416;5416;1
3015;295;5419;1
3016;5421;702;1
3017;5423;5424;1
3018;5426;270;1
3019;1281;5427;1
3020;5429;42;1
3021;5431;5432;1
3022;90;5433;1
3023;26;5437;1
3024;4907;825;1
3025;5439;5440;1
3026;5441;5442;1
3027;5445;53;1
3028;498;5449;1
3029;5450;5451;1
3030;5456;5457;1
3031;159;989;1
3032;5459;230;1
3033;5461;5462;1
3034;5463;5464;1
3035;5465;5466;1
3036;1276;1276;1
3037;5469;295;1
3038;5470;309;1
3039;53;5473;1
3040;746;5474;1
3041;42;5475;1
3042;5477;5478;1
3043;103;5482;1
3044;435;1989;1
3045;5363;5486;1
3046;5487;49;1
3047;5488;1281;1
3048;5489;5490;1
3049;5493;5494;1
3050;1459;91;1
3051;501;680;1
3052;42;5498;1
3053;5499;4711;1
3054;5500;5501;1
3055;2803;5504;1
3056;5507;658;1
3057;5508;11;1
3058;5509;41;1
3059;5512;1732;1
3060;205;683;1
3061;5520;2369;1
3062;5522;5523;1
3063;5528;273;1
3064;478;1048;1
3065;1175;3944;1
3066;5529;5530;1
3067;5532;261;1
3068;5533;5534;1
3069;1186;1721;1
3070;3285;5535;1
3071;5537;218;1
3072;5542;5542;1
3073;13;13;1
3074;5545;5546;1
3075;5548;5549;1
3076;5552;1346;1
3077;5554;5555;1
3078;5556;2752;1
3079;41;287;1
3080;5558;5559;1
3081;5564;42;1
3082;941;941;1
3083;5566;5567;1
3084;938;5570;1
3085;91;91;1
3086;52;4981;1
3087;5572;5573;1
3088;5574;5575;1
3089;5577;635;1
3090;1175;5578;1
3091;5579;5580;1
3092;3615;5582;1
3093;230;5583;1
3094;5584;5585;1
3095;13;5589;1
3096;5590;5591;1
3097;3934;52;1
3098;1029;5593;1
3099;41;405;1
3100;5595;2554;1
3101;5597;2820;1
3102;2352;41;1
3103;5602;5603;1
3104;4204;91;1
3105;5609;1175;1
3106;5610;5611;1
3107;5613;1499;1
3108;1499;5614;1
3109;208;5616;1
3110;5617;429;1
3111;877;5619;1
3112;5620;5621;1
3113;5623;5624;1
3114;5629;105;1
3115;1061;1547;1
3116;2774;266;1
3117;5635;295;1
3118;5636;5637;1
3119;5640;2115;1
3120;4346;782;1
3121;5644;91;1
3122;38;413;1
3123;2991;5647;1
3124;5648;5649;1
3125;23;5650;1
3126;5652;275;1
3127;520;941;1
3128;53;1711;1
3129;42;5658;1
3130;2480;5659;1
3131;5662;122;1
3132;5665;1072;1
3133;230;5667;1
3134;5669;5670;1
3135;5672;22;1
3136;1358;5676;1
3137;270;90;1
3138;5681;2465;1
3139;53;5682;1
3140;5685;5686;1
3141;5689;5690;1
3142;1903;5692;1
3143;5694;5695;1
3144;5697;5698;1
3145;42;5699;1
3146;5700;1186;1
3147;1418;1418;1
3148;5701;5702;1
3149;5704;5705;1
3150;2450;5707;1
3151;5713;80;1
3152;2075;310;1
3153;435;1640;1
3154;1422;3934;1
3155;5715;1554;1
3156;5717;5718;1
3157;5719;5720;1
3158;680;5721;1
3159;310;272;1
3160;5725;5726;1
3161;2062;5727;1
3162;5729;772;1
3163;5730;5731;1
3164;3547;124;1
3165;107;5470;1
3166;2517;53;1
3167;5734;105;1
3168;43;5736;1
3169;5740;5741;1
3170;5742;134;1
3171;125;5744;1
3172;5747;42;1
3173;959;5749;1
3174;499;5752;1
3175;5754;5755;1
3176;249;26;1
3177;5757;877;1
3178;295;5759;1
3179;122;5762;1
3180;5764;5765;1
3181;5766;877;1
3182;5769;5770;1
3183;23;5773;1
3184;302;5774;1
3185;5775;5776;1
3186;5778;5779;1
3187;5780;5781;1
3188;5785;1754;1
3189;5787;24;1
3190;644;53;1
3191;5790;5791;1
3192;5792;1653;1
3193;5794;5795;1
3194;5798;2253;1
3195;13;5799;1
3196;5801;5802;1
3197;5803;683;1
3198;5804;5805;1
3199;5807;5808;1
3200;5810;5811;1
3201;5815;5816;1
3202;5806;5817;1
3203;5819;53;1
3204;119;119;1
3205;2628;5822;1
3206;5823;890;1
3207;793;5826;1
3208;5827;495;1
3209;5828;5829;1
3210;5832;5770;1
3211;5835;476;1
3212;2575;1849;1
3213;5842;2307;1
3214;5845;340;1
3215;42;42;1
3216;5850;5851;1
3217;5854;5855;1
3218;5857;5858;1
3219;5861;5862;1
3220;5864;5865;1
3221;5869;5870;1
3222;5871;5872;1
3223;534;1140;1
3224;5873;53;1
3225;82;474;1
3226;5874;2482;1
3227;615;34;1
3228;5876;5877;1
3229;5878;5879;1
3230;5882;5882;1
3231;976;53;1
3232;5885;5886;1
3233;5887;5888;1
3234;136;5890;1
3235;208;208;1
3236;5891;5892;1
3237;53;1186;1
3238;53;5895;1
3239;135;4370;1
3240;5898;5899;1
3241;5903;417;1
3242;5904;2921;1
3243;355;1640;1
3244;5907;82;1
3245;5911;5912;1
3246;13;205;1
3247;5916;683;1
3248;930;295;1
3249;5920;2586;1
3250;5922;975;1
3251;5927;5928;1
3252;3781;5932;1
3253;340;5937;1
3254;13;1499;1
3255;5944;683;1
3256;5947;683;1
3257;5949;5950;1
3258;376;4093;1
3259;219;5954;1
3260;5956;5337;1
3261;913;5957;1
3262;5959;5959;1
3263;451;451;1
3264;5962;2307;1
3265;5963;269;1
3266;760;5966;1
3267;5969;5970;1
3268;53;5971;1
3269;5974;5975;1
3270;5977;5977;1
3271;5980;5981;1
3272;91;1133;1
3273;5986;5987;1
3274;302;5990;1
3275;1018;34;1
3276;119;5992;1
3277;5994;5995;1
3278;867;5998;1
3279;52;52;1
3280;6000;6001;1
3281;340;249;1
3282;6005;6006;1
3283;2074;2130;1
3284;454;273;1
3285;6009;6010;1
3286;6012;6013;1
3287;6014;41;1
3288;6015;1184;1
3289;6019;461;1
3290;313;13;1
3291;6025;4433;1
3292;6030;2752;1
3293;6035;2628;1
3294;54;49;1
3295;3245;6038;1
3296;1008;6040;1
3297;6045;381;1
3298;1064;6047;1
3299;6053;6054;1
3300;6055;135;1
3301;287;212;1
3302;6058;6059;1
3303;6060;295;1
3304;6063;6064;1
3305;6065;6065;1
3306;295;6068;1
3307;6070;6071;1
3308;6072;6073;1
3309;6074;6075;1
3310;988;6077;1
3311;6078;6079;1
3312;230;1620;1
3313;6080;6081;1
3314;16;6084;1
3315;2144;6087;1
3316;302;1640;1
3317;6094;458;1
3318;6095;1079;1
3319;6099;6100;1
3320;392;6102;1
3321;6106;6107;1
3322;385;385;1
3323;6109;6110;1
3324;34;5611;1
3325;6118;6119;1
3326;6121;910;1
3327;249;6122;1
3328;6124;507;1
3329;6125;6126;1
3330;6131;6132;1
3331;249;230;1
3332;6133;6134;1
3333;6136;6137;1
3334;2;6138;1
3335;3241;6139;1
3336;6143;273;1
3337;6144;6145;1
3338;743;743;1
3339;6149;6150;1
3340;6152;13;1
3341;6155;219;1
3342;6157;211;1
3343;6159;6160;1
3344;6161;13;1
3345;6163;3615;1
3346;6164;122;1
3347;6167;6167;1
3348;6169;6170;1
3349;6171;6172;1
3350;249;24;1
3351;976;6176;1
3352;249;230;1
3353;82;6182;1
3354;6183;6184;1
3355;6187;6188;1
3356;6191;6192;1
3357;2820;6193;1
3358;507;507;1
3359;683;6196;1
3360;552;6199;1
3361;6204;6205;1
3362;6207;6208;1
3363;2923;42;1
3364;6215;6216;1
3365;290;740;1
3366;6217;6217;1
3367;6220;6221;1
3368;6224;6224;1
3369;1014;59;1
3370;26;6230;1
3371;6235;6236;1
3372;6238;3632;1
3373;1276;98;1
3374;6239;6240;1
3375;6241;6242;1
3376;6244;381;1
3377;877;2569;1
3378;6246;6246;1
3379;2934;2074;1
3380;22;6248;1
3381;6250;6251;1
3382;6253;6254;1
3383;6256;91;1
3384;6258;2586;1
3385;2073;1563;1
3386;6263;6264;1
3387;105;54;1
3388;230;3126;1
3389;5467;6270;1
3390;6272;6273;1
3391;6277;6278;1
3392;6280;6280;1
3393;135;135;1
3394;6281;538;1
3395;59;507;1
3396;5;287;1
3397;6283;6284;1
3398;6286;6287;1
3399;6288;6289;1
3400;6292;42;1
3401;249;6293;1
3402;6295;6296;1
3403;2130;6299;1
3404;288;41;1
3405;2457;6301;1
3406;6302;2734;1
3407;6303;6304;1
3408;6309;903;1
3409;6310;6311;1
3410;6314;6315;1
3411;6318;6319;1
3412;761;200;1
3413;1834;1017;1
3414;6322;212;1
3415;6323;6324;1
3416;4125;6327;1
3417;6328;6329;1
3418;6330;3259;1
3419;6331;520;1
3420;385;6332;1
3421;6335;270;1
3422;6336;3285;1
3423;6337;396;1
3424;6339;4429;1
3425;6340;941;1
3426;53;5536;1
3427;6343;6344;1
3428;6347;6348;1
3429;53;6351;1
3430;6352;6353;1
3431;6355;417;1
3432;1107;6359;1
3433;261;34;1
3434;295;6363;1
3435;6365;249;1
3436;6367;1531;1
3437;6369;309;1
3438;2991;6370;1
3439;6372;6373;1
3440;6374;2437;1
3441;6005;6005;1
3442;6376;2437;1
3443;2148;302;1
3444;6378;6379;1
3445;6382;122;1
3446;6384;6385;1
3447;6386;1272;1
3448;6388;6389;1
3449;454;103;1
3450;6392;6393;1
3451;1256;6395;1
3452;53;328;1
3453;6397;6397;1
3454;269;6398;1
3455;4201;6399;1
3456;429;683;1
3457;6402;6403;1
3458;47;6407;1
3459;6409;6410;1
3460;41;2003;1
3461;6414;418;1
3462;2630;6415;1
3463;625;5260;1
3464;41;6416;1
3465;6417;2941;1
3466;6418;103;1
3467;6419;454;1
3468;11;6420;1
3469;6421;307;1
3470;2934;857;1
3471;6423;5361;1
3472;261;6426;1
3473;6428;6429;1
3474;6432;6433;1
3475;6438;3909;1
3476;6441;683;1
3477;41;295;1
3478;2480;6444;1
3479;6446;6447;1
3480;6451;6452;1
3481;6457;418;1
3482;6461;6462;1
3483;1499;302;1
3484;219;6466;1
3485;2001;6467;1
3486;6468;1014;1
3487;4847;1726;1
3488;1053;6470;1
3489;6471;6472;1
3490;6474;6475;1
3491;6479;6480;1
3492;6482;467;1
3493;6483;91;1
3494;6486;6487;1
3495;6491;6492;1
3496;2820;6365;1
3497;6496;6497;1
3498;6500;125;1
3499;6049;6049;1
3500;6503;4120;1
3501;6505;6506;1
3502;6507;6508;1
3503;6513;534;1
3504;309;5642;1
3505;6514;6515;1
3506;6518;6519;1
3507;6520;520;1
3508;6522;6523;1
3509;6527;42;1
3510;6530;6531;1
3511;6533;6534;1
3512;6537;429;1
3513;2734;6538;1
3514;103;6539;1
3515;6543;6544;1
3516;43;270;1
3517;53;49;1
3518;6548;6549;1
3519;6551;6552;1
3520;4118;6559;1
3521;552;6563;1
3522;6568;6569;1
3523;6573;6574;1
3524;6575;6576;1
3525;910;6578;1
3526;13;6580;1
3527;6581;6581;1
3528;6584;6585;1
3529;6586;1341;1
3530;6588;6588;1
3531;6590;6591;1
3532;302;6593;1
3533;6595;6596;1
3534;6599;6600;1
3535;125;6601;1
3536;2923;41;1
3537;230;3323;1
3538;4286;6607;1
3539;6608;6609;1
3540;501;1803;1
3541;54;6610;1
3542;6612;470;1
3543;1657;6613;1
3544;6615;6615;1
3545;6620;6621;1
3546;275;773;1
3547;42;41;1
3548;340;2314;1
3549;6625;798;1
3550;6629;6630;1
3551;6631;6632;1
3552;6635;6636;1
3553;6637;2314;1
3554;6639;6639;1
3555;52;6642;1
3556;6644;6645;1
3557;2934;6650;1
3558;6652;6653;1
3559;6656;6657;1
3560;6658;6659;1
3561;6661;6662;1
3562;42;6664;1
3563;913;4506;1
3564;6671;6672;1
3565;2291;2559;1
3566;6674;3286;1
3567;2434;6675;1
3568;6677;458;1
3569;6681;6682;1
3570;6686;681;1
3571;295;6688;1
3572;230;6689;1
3573;1114;177;1
3574;6693;6694;1
3575;6697;6698;1
3576;6700;6701;1
3577;295;6703;1
3578;329;6704;1
3579;6706;6707;1
3580;41;6708;1
3581;1341;295;1
3582;6709;6710;1
3583;6711;6712;1
3584;803;803;1
3585;11;136;1
3586;302;381;1
3587;6715;6716;1
3588;1711;6717;1
3589;6718;6719;1
3590;6723;6724;1
3591;3172;921;1
3592;53;6728;1
3593;1140;2107;1
3594;6731;1997;1
3595;3465;295;1
3596;574;574;1
3597;42;6734;1
3598;52;6736;1
3599;49;49;1
3600;6741;534;1
3601;6742;42;1
3602;6744;585;1
3603;6747;41;1
3604;6748;6749;1
3605;6750;6751;1
3606;6752;6753;1
3607;6754;6755;1
3608;2798;2798;1
3609;11;41;1
3610;272;53;1
3611;6756;4828;1
3612;4946;4946;1
3613;8;8;1
3614;6762;24;1
3615;329;6763;1
3616;1418;1418;1
3617;941;941;1
3618;6765;6766;1
3619;461;461;1
3620;902;6769;1
3621;159;159;1
3622;1418;6772;1
3623;6774;6774;1
3624;2594;5303;1
3625;6778;470;1
3626;763;763;1
3627;230;230;1
3628;6783;2127;1
3629;49;221;1
3630;6786;6787;1
3631;6790;6791;1
3632;212;6792;1
3633;1190;174;1
3634;54;6793;1
3635;6795;6796;1
3636;6797;6798;1
3637;6802;6803;1
3638;555;144;1
3639;6806;6807;1
3640;6808;4351;1
3641;6813;470;1
3642;6814;6814;1
3643;218;6818;1
3644;534;6819;1
3645;6821;6822;1
3646;6826;273;1
3647;273;273;1
3648;405;54;1
3649;211;122;1
3650;6827;6828;1
3651;11;42;1
3652;2941;5735;1
3653;340;6830;1
3654;42;42;1
3655;6833;6834;1
3656;2816;122;1
3657;6836;6837;1
3658;6840;340;1
3659;230;1079;1
3660;2605;6843;1
3661;6845;6846;1
3662;6847;6848;1
3663;6851;42;1
3664;4360;4360;1
3665;6857;243;1
3666;121;49;1
3667;287;287;1
3668;6858;6859;1
3669;6861;1217;1
3670;6862;49;1
3671;6864;6864;1
3672;6866;6867;1
3673;6869;2281;1
3674;5708;370;1
3675;1849;6871;1
3676;41;41;1
3677;6874;6875;1
3678;6878;6068;1
3679;6880;6881;1
3680;6882;6883;1
3681;6884;6885;1
3682;6887;6888;1
3683;6890;6891;1
3684;2816;6892;1
3685;340;329;1
3686;6894;6895;1
3687;249;6896;1
3688;6897;6898;1
3689;6904;2107;1
3690;6906;776;1
3691;6910;6911;1
3692;6912;501;1
3693;6913;4032;1
3694;6914;701;1
3695;3864;470;1
3696;6916;1017;1
3697;6920;206;1
3698;6923;6924;1
3699;5363;275;1
3700;5043;295;1
3701;1107;6930;1
3702;6932;6933;1
3703;6934;6935;1
3704;2112;6940;1
3705;329;6949;1
3706;6951;173;1
3707;611;647;1
3708;275;3825;1
3709;6958;6096;1
3710;211;211;1
3711;2820;6365;1
3712;420;611;1
3713;302;6961;1
3714;6962;6963;1
3715;6964;1027;1
3716;6913;6913;1
3717;6969;6970;1
3718;1341;6973;1
3719;340;173;1
3720;2231;1256;1
3721;54;6977;1
3722;910;3877;1
3723;295;6979;1
3724;13;355;1
3725;2417;6982;1
3726;6984;6985;1
3727;4914;26;1
3728;6986;6022;1
3729;6990;6991;1
3730;6996;6997;1
3731;42;3760;1
3732;7000;7001;1
3733;7005;53;1
3734;2369;2234;1
3735;1732;7006;1
3736;7007;7008;1
3737;1951;2575;1
3738;7012;7013;1
3739;7018;59;1
3740;1527;6149;1
3741;7020;7021;1
3742;53;7027;1
3743;7030;7031;1
3744;273;13;1
3745;7032;7032;1
3746;585;7034;1
3747;789;7038;1
3748;7041;1014;1
3749;366;7042;1
3750;7045;7046;1
3751;7047;7048;1
3752;7051;7052;1
3753;5502;507;1
3754;7054;1545;1
3755;2465;7055;1
3756;1739;291;1
3757;1079;7062;1
3758;2628;7064;1
3759;1017;1017;1
3760;7066;108;1
3761;507;7070;1
3762;7071;537;1
3763;7072;7073;1
3764;7077;7078;1
3765;7080;178;1
3766;2127;464;1
3767;26;7085;1
3768;7087;7088;1
3769;2073;2073;1
3770;5487;7089;1
3771;7090;26;1
3772;7091;7092;1
3773;7097;7098;1
3774;7101;1276;1
3775;770;273;1
3776;7102;7103;1
3777;6600;534;1
3778;11;2;1
3779;7109;7110;1
3780;7113;7114;1
3781;7116;7117;1
3782;890;91;1
3783;7121;7122;1
3784;7124;7124;1
3785;273;14;1
3786;7128;7129;1
3787;4370;877;1
3788;7133;6128;1
3789;7137;7138;1
3790;41;42;1
3791;5702;7140;1
3792;7143;310;1
3793;7144;520;1
3794;7145;3362;1
3795;7147;7148;1
3796;381;7152;1
3797;7154;208;1
3798;7155;7156;1
3799;7160;7161;1
3800;7162;7163;1
3801;7167;7168;1
3802;5079;26;1
3803;7170;7171;1
3804;302;763;1
3805;91;42;1
3806;34;13;1
3807;3173;5896;1
3808;34;7182;1
3809;7183;7184;1
3810;3323;1175;1
3811;230;7192;1
3812;7194;951;1
3813;5992;7195;1
3814;6438;34;1
3815;7196;7196;1
3816;32;7200;1
3817;249;7202;1
3818;136;7205;1
3819;930;1849;1
3820;82;7206;1
3821;6022;7208;1
3822;41;7209;1
3823;273;273;1
3824;7211;1412;1
3825;353;7212;1
3826;7214;103;1
3827;7215;683;1
3828;82;7219;1
3829;159;7221;1
3830;630;273;1
3831;683;173;1
3832;7222;7223;1
3833;7225;7226;1
3834;7229;7230;1
3835;4149;7233;1
3836;291;7234;1
3837;329;7236;1
3838;7238;7239;1
3839;34;7240;1
3840;4520;6072;1
3841;5498;53;1
3842;273;273;1
3843;7242;3437;1
3844;7245;7246;1
3845;4107;1530;1
3846;7250;7251;1
3847;7254;798;1
3848;7255;7255;1
3849;7257;7258;1
3850;7262;7263;1
3851;7264;7265;1
3852;7267;7268;1
3853;376;7269;1
3854;7271;7272;1
3855;7275;295;1
3856;309;1726;1
3857;6587;6587;1
3858;3190;460;1
3859;7282;7283;1
3860;7284;7285;1
3861;7286;7287;1
3862;41;41;1
3863;7289;7290;1
3864;295;1555;1
3865;1232;6600;1
3866;7294;7295;1
3867;7298;7299;1
3868;1689;1107;1
3869;1381;7300;1
3870;2243;7302;1
3871;90;7304;1
3872;177;5699;1
3873;309;355;1
3874;7310;7311;1
3875;7314;7315;1
3876;7316;302;1
3877;3025;53;1
3878;7317;7318;1
3879;103;7320;1
3880;42;41;1
3881;7321;7322;1
3882;7323;7324;1
3883;7325;7326;1
3884;302;63;1
3885;2;7329;1
3886;230;7330;1
3887;7337;7338;1
3888;2716;7339;1
3889;54;7340;1
3890;1357;7341;1
3891;7342;7343;1
3892;7344;208;1
3893;7345;7346;1
3894;7348;7349;1
3895;42;1887;1
3896;417;417;1
3897;597;1494;1
3898;3740;2903;1
3899;7351;498;1
3900;7352;7353;1
3901;1167;7354;1
3902;310;7357;1
3903;11;280;1
3904;2369;2127;1
3905;2628;2680;1
3906;7360;869;1
3907;7362;7363;1
3908;7364;7365;1
3909;385;385;1
3910;13;7366;1
3911;7368;7369;1
3912;53;53;1
3913;7370;7371;1
3914;2437;13;1
3915;7375;7376;1
3916;2080;718;1
3917;7379;7380;1
3918;2823;2823;1
3919;42;7382;1
3920;7383;287;1
3921;2001;4595;1
3922;161;103;1
3923;7386;683;1
3924;1418;7388;1
3925;7389;7390;1
3926;683;1256;1
3927;1272;7394;1
3928;7396;7397;1
3929;7400;7400;1
3930;2115;6049;1
3931;7404;132;1
3932;295;7405;1
3933;7408;7409;1
3934;275;275;1
3935;7410;7411;1
3936;5764;7412;1
3937;7413;146;1
3938;6947;7418;1
3939;13;273;1
3940;273;2222;1
3941;230;230;1
3942;5135;7424;1
3943;7427;7428;1
3944;7429;11;1
3945;344;7211;1
3946;309;309;1
3947;7431;7432;1
3948;7433;7434;1
3949;7436;53;1
3950;7440;273;1
3951;6831;7442;1
3952;7447;1849;1
3953;7449;7450;1
3954;7452;7453;1
3955;470;989;1
3956;7456;138;1
3957;7457;7458;1
3958;7462;7463;1
3959;7465;776;1
3960;7467;121;1
3961;7468;7469;1
3962;273;13;1
3963;7475;7476;1
3964;53;1134;1
3965;7478;42;1
3966;41;103;1
3967;7480;7481;1
3968;7482;851;1
3969;7483;7484;1
3970;1427;7485;1
3971;7489;7490;1
3972;7492;103;1
3973;3164;53;1
3974;7494;7495;1
3975;7500;7501;1
3976;136;683;1
3977;295;295;1
3978;6151;6151;1
3979;7508;7508;1
3980;53;53;1
3981;7512;7513;1
3982;7515;7516;1
3983;1585;803;1
3984;273;7520;1
3985;7521;7522;1
3986;447;447;1
3987;7492;7523;1
3988;53;1028;1
3989;532;1021;1
3990;102;7525;1
3991;7526;3313;1
3992;13;4501;1
3993;7533;7534;1
3994;869;771;1
3995;220;103;1
3996;3587;417;1
3997;7539;7540;1
3998;683;7541;1
3999;7543;7544;1
4000;7545;7546;1
4001;8;42;1
4002;5367;7549;1
4003;7552;1330;1
4004;8;2107;1
4005;23;919;1
4006;219;7554;1
4007;7559;7560;1
4008;49;11;1
4009;764;7561;1
4010;7563;7564;1
4011;230;7566;1
4012;7568;11;1
4013;7569;7570;1
4014;7571;7572;1
4015;7573;7574;1
4016;7575;54;1
4017;2747;2747;1
4018;63;7576;1
4019;1516;7577;1
4020;7579;355;1
4021;7582;132;1
4022;9;7585;1
4023;7588;7588;1
4024;295;2062;1
4025;7590;3260;1
4026;7591;7592;1
4027;7596;385;1
4028;7597;7598;1
4029;7600;658;1
4030;1418;1418;1
4031;287;7601;1
4032;1236;14;1
4033;7602;7603;1
4034;7604;7605;1
4035;3080;295;1
4036;7606;2335;1
4037;4961;7607;1
4038;7608;7609;1
4039;7611;7612;1
4040;7613;7613;1
4041;295;295;1
4042;64;7616;1
4043;26;534;1
4044;7617;7618;1
4045;261;7620;1
4046;7622;7623;1
4047;43;3701;1
4048;7628;7629;1
4049;309;11;1
4050;9;3695;1
4051;7632;7633;1
4052;318;2137;1
4053;751;7637;1
4054;136;309;1
4055;83;7640;1
4056;7642;405;1
4057;537;1017;1
4058;82;7644;1
4059;34;7645;1
4060;7649;67;1
4061;890;395;1
4062;66;13;1
4063;7650;7651;1
4064;7652;7653;1
4065;7655;7656;1
4066;7657;7658;1
4067;7660;7661;1
4068;1184;7662;1
4069;951;7663;1
4070;7665;7666;1
4071;1732;14;1
4072;7667;7668;1
4073;7670;7671;1
4074;91;264;1
4075;7673;7674;1
4076;6195;7675;1
4077;7677;91;1
4078;774;7679;1
4079;6930;7680;1
4080;7684;7685;1
4081;429;429;1
4082;7686;7687;1
4083;7689;2556;1
4084;54;7693;1
4085;7694;7695;1
4086;555;7697;1
4087;681;7698;1
4088;7700;735;1
4089;7702;2628;1
4090;14;309;1
4091;7704;1915;1
4092;7707;5467;1
4093;26;7709;1
4094;343;343;1
4095;7711;683;1
4096;3944;7713;1
4097;2525;7714;1
4098;261;42;1
4099;14;7719;1
4100;7720;7721;1
4101;91;7725;1
4102;7730;34;1
4103;857;857;1
4104;273;273;1
4105;7732;82;1
4106;7735;5502;1
4107;11;5;1
4108;38;7737;1
4109;7740;7740;1
4110;4691;4691;1
4111;53;7745;1
4112;53;1516;1
4113;7746;776;1
4114;42;7747;1
4115;5260;7748;1
4116;7752;7753;1
4117;177;681;1
4118;7755;136;1
4119;7757;41;1
4120;7758;7759;1
4121;7760;7761;1
4122;273;13;1
4123;3825;3825;1
4124;7766;212;1
4125;376;302;1
4126;7767;7768;1
4127;63;7769;1
4128;4599;80;1
4129;2328;2806;1
4130;1989;7771;1
4131;42;1111;1
4132;7773;7774;1
4133;7776;7777;1
4134;7779;2201;1
4135;7783;1516;1
4136;7784;7785;1
4137;7787;7788;1
4138;760;7790;1
4139;7794;7795;1
4140;7796;7797;1
4141;273;537;1
4142;249;400;1
4143;53;49;1
4144;7802;4602;1
4145;7804;7805;1
4146;7806;7807;1
4147;417;7808;1
4148;7809;7810;1
4149;7811;7812;1
4150;7813;103;1
4151;34;34;1
4152;1176;1132;1
4153;2089;82;1
4154;22;132;1
4155;7816;1330;1
4156;1740;7819;1
4157;7820;520;1
4158;7822;7823;1
4159;683;1018;1
4160;7825;7826;1
4161;7828;7829;1
4162;7834;7835;1
4163;6883;7841;1
4164;328;328;1
4165;273;273;1
4166;230;1305;1
4167;7844;7845;1
4168;7418;34;1
4169;7846;7847;1
4170;13;7849;1
4171;7850;7851;1
4172;7855;3711;1
4173;135;941;1
4174;1938;7858;1
4175;26;41;1
4176;537;7862;1
4177;7863;1962;1
4178;537;7864;1
4179;988;188;1
4180;7866;291;1
4181;7867;7868;1
4182;7870;6009;1
4183;683;3949;1
4184;6049;7875;1
4185;1212;309;1
4186;2047;255;1
4187;7878;7879;1
4188;5521;7880;1
4189;7882;7883;1
4190;7884;7885;1
4191;6148;743;1
4192;7888;782;1
4193;211;47;1
4194;6538;7891;1
4195;7892;7893;1
4196;7894;683;1
4197;230;309;1
4198;700;7897;1
4199;7899;7900;1
4200;7903;7904;1
4201;1302;7905;1
4202;1712;355;1
4203;3357;52;1
4204;7907;7908;1
4205;596;7911;1
4206;4416;4416;1
4207;7913;7914;1
4208;7915;7856;1
4209;7917;7918;1
4210;7919;7920;1
4211;103;7923;1
4212;3864;7927;1
4213;7928;359;1
4214;1996;13;1
4215;7930;7581;1
4216;103;309;1
4217;7932;7933;1
4218;2127;499;1
4219;7935;249;1
4220;7939;460;1
4221;355;7941;1
4222;41;7942;1
4223;683;329;1
4224;7943;7850;1
4225;7946;7947;1
4226;7949;7;1
4227;4514;2291;1
4228;380;1516;1
4229;1535;3724;1
4230;197;309;1
4231;7956;725;1
4232;7957;3724;1
4233;7958;42;1
4234;219;826;1
4235;295;7960;1
4236;7963;7964;1
4237;7965;7966;1
4238;7968;7969;1
4239;63;7974;1
4240;7975;7976;1
4241;7977;7978;1
4242;7983;7984;1
4243;5589;7987;1
4244;324;7278;1
4245;7989;7990;1
4246;7991;7992;1
4247;7993;7994;1
4248;42;5;1
4249;13;7999;1
4250;8000;8001;1
4251;8002;13;1
4252;8004;8005;1
4253;23;8008;1
4254;385;385;1
4255;3940;8010;1
4256;91;8014;1
4257;8015;8016;1
4258;53;5029;1
4259;8019;8019;1
4260;4161;108;1
4261;8023;54;1
4262;8027;8028;1
4263;13;2480;1
4264;8034;1913;1
4265;8035;41;1
4266;8039;8040;1
4267;8046;8047;1
4268;82;1280;1
4269;52;4126;1
4270;8052;8053;1
4271;8054;4293;1
4272;8057;8058;1
4273;625;8063;1
4274;273;309;1
4275;1732;1105;1
4276;4450;8067;1
4277;2323;6604;1
4278;8069;8070;1
4279;8071;6593;1
4280;136;8073;1
4281;343;8075;1
4282;1053;103;1
4283;26;8079;1
4284;8081;261;1
4285;8082;8083;1
4286;8085;8086;1
4287;8088;761;1
4288;4520;4520;1
4289;3274;3274;1
4290;1107;683;1
4291;751;8093;1
4292;8095;8096;1
4293;1553;91;1
4294;1281;1903;1
4295;8100;3825;1
4296;49;49;1
4297;8105;8106;1
4298;8109;3906;1
4299;6564;8110;1
4300;890;803;1
4301;54;353;1
4302;8115;287;1
4303;53;8116;1
4304;2328;5546;1
4305;8118;8119;1
4306;8123;8124;1
4307;11;3704;1
4308;8127;8128;1
4309;34;683;1
4310;8129;22;1
4311;219;3864;1
4312;788;302;1
4313;8132;8133;1
4314;6031;34;1
4315;8136;8137;1
4316;174;11;1
4317;8140;8141;1
4318;8144;4501;1
4319;42;4596;1
4320;230;8146;1
4321;8147;8148;1
4322;930;8149;1
4323;8151;8152;1
4324;8154;8155;1
4325;8157;41;1
4326;8160;625;1
4327;42;41;1
4328;4761;8164;1
4329;6801;2;1
4330;8168;3877;1
4331;353;1653;1
4332;8171;266;1
4333;8174;53;1
4334;376;136;1
4335;8180;6698;1
4336;635;635;1
4337;8183;8183;1
4338;8185;8186;1
4339;42;8188;1
4340;8190;208;1
4341;13;34;1
4342;1553;8193;1
4343;24;26;1
4344;3179;8195;1
4345;8196;8197;1
4346;5351;280;1
4347;355;1849;1
4348;8201;680;1
4349;41;41;1
4350;8203;8204;1
4351;8205;136;1
4352;6365;249;1
4353;8206;53;1
4354;5;8207;1
4355;8209;8210;1
4356;8212;8213;1
4357;8215;1861;1
4358;91;3701;1
4359;8217;8218;1
4360;219;1218;1
4361;4732;8221;1
4362;683;14;1
4363;132;132;1
4364;136;8223;1
4365;8224;8225;1
4366;2747;1933;1
4367;8227;8228;1
4368;3080;7499;1
4369;8230;8231;1
4370;3569;8235;1
4371;173;1008;1
4372;8237;8238;1
4373;302;8239;1
4374;8240;5;1
4375;3159;8241;1
4376;5984;8244;1
4377;8245;8246;1
4378;8250;2062;1
4379;8252;8253;1
4380;159;8254;1
4381;989;2074;1
4382;8256;8257;1
4383;123;123;1
4384;8262;997;1
4385;8264;8264;1
4386;4814;24;1
4387;41;8266;1
4388;42;8267;1
4389;8268;8269;1
4390;2075;49;1
4391;355;851;1
4392;132;132;1
4393;8274;8275;1
4394;577;3286;1
4395;4071;7250;1
4396;1021;8278;1
4397;41;515;1
4398;8283;8284;1
4399;4084;6796;1
4400;8285;13;1
4401;8288;26;1
4402;8290;1010;1
4403;5646;8292;1
4404;2628;8294;1
4405;2116;3274;1
4406;42;8298;1
4407;8299;8300;1
4408;309;8302;1
4409;2535;38;1
4410;8304;8305;1
4411;8307;8308;1
4412;508;11;1
4413;2230;1293;1
4414;43;8311;1
4415;53;53;1
4416;3198;1711;1
4417;8317;52;1
4418;8318;8319;1
4419;295;295;1
4420;3019;8324;1
4421;8326;534;1
4422;11;23;1
4423;8327;90;1
4424;8331;8332;1
4425;8333;8334;1
4426;8338;8339;1
4427;8340;230;1
4428;8341;8342;1
4429;261;3437;1
4430;26;461;1
4431;6739;1198;1
4432;8348;53;1
4433;90;1547;1
4434;220;136;1
4435;8351;8352;1
4436;420;8354;1
4437;8355;8356;1
4438;8359;264;1
4439;42;8361;1
4440;7492;4444;1
4441;2116;2517;1
4442;8363;54;1
4443;4021;8364;1
4444;7552;2921;1
4445;8366;764;1
4446;8368;8369;1
4447;14;8371;1
4448;8373;8374;1
4449;8376;8377;1
4450;8117;83;1
4451;8378;8379;1
4452;8380;8381;1
4453;8384;200;1
4454;4373;1009;1
4455;200;8385;1
4456;8386;683;1
4457;8387;8388;1
4458;8390;8391;1
4459;8393;8394;1
4460;8395;708;1
4461;8396;8397;1
4462;8398;8399;1
4463;8402;343;1
4464;321;321;1
4465;8406;8407;1
4466;8409;8410;1
4467;8411;8412;1
4468;8415;681;1
4469;2107;2107;1
4470;66;8419;1
4471;295;4784;1
4472;1200;8426;1
4473;517;8427;1
4474;8428;513;1
4475;8430;8431;1
4476;8433;8434;1
4477;2115;8436;1
4478;749;53;1
4479;8437;2127;1
4480;121;8439;1
4481;38;208;1
4482;930;8441;1
4483;8442;8443;1
4484;212;680;1
4485;2115;53;1
4486;8444;8445;1
4487;8446;8447;1
4488;8448;1008;1
4489;8449;8450;1
4490;8452;8453;1
4491;8455;102;1
4492;8457;8458;1
4493;514;549;1
4494;8460;8461;1
4495;41;53;1
4496;8463;8464;1
4497;1018;8467;1
4498;8468;8469;1
4499;8471;42;1
4500;138;8475;1
4501;41;42;1
4502;8476;687;1
4503;8477;8478;1
4504;3012;2462;1
4505;8482;2515;1
4506;1304;8486;1
4507;4774;1389;1
4508;7912;8487;1
4509;3864;8488;1
4510;8491;309;1
4511;1726;1547;1
4512;2434;2465;1
4513;13;13;1
4514;1057;1057;1
4515;1442;1385;1
4516;42;8499;1
4517;5871;11;1
4518;8501;1186;1
4519;8503;8504;1
4520;8505;53;1
4521;8506;8506;1
4522;8511;8512;1
4523;8514;41;1
4524;132;2208;1
4525;8515;42;1
4526;49;273;1
4527;8;763;1
4528;8516;8517;1
4529;8519;8520;1
4530;8521;701;1
4531;24;47;1
4532;302;376;1
4533;8525;8526;1
4534;7552;8528;1
4535;8532;8532;1
4536;8534;53;1
4537;2966;8535;1
4538;8536;8537;1
4539;1539;32;1
4540;8539;8540;1
4541;8541;295;1
4542;8542;8543;1
4543;82;8544;1
4544;8545;42;1
4545;8546;8547;1
4546;8548;8549;1
4547;8550;8551;1
4548;8553;8554;1
4549;8555;1989;1
4550;42;8558;1
4551;8560;1989;1
4552;1312;8562;1
4553;8568;8568;1
4554;8569;8570;1
4555;43;2325;1
4556;8571;318;1
4557;2747;2747;1
4558;2921;5501;1
4559;8572;8573;1
4560;8576;8577;1
4561;8579;5322;1
4562;349;1294;1
4563;8583;8584;1
4564;53;8585;1
4565;136;8586;1
4566;82;82;1
4567;698;698;1
4568;43;8589;1
4569;8590;218;1
4570;787;53;1
4571;7498;6009;1
4572;174;302;1
4573;43;552;1
4574;8599;8600;1
4575;2908;8603;1
4576;8605;589;1
4577;8606;8607;1
4578;82;82;1
4579;867;1399;1
4580;136;8615;1
4581;4286;1996;1
4582;53;52;1
4583;8617;8618;1
4584;8619;49;1
4585;268;8620;1
4586;8623;8624;1
4587;8625;8626;1
4588;8627;8628;1
4589;8630;1014;1
4590;2434;8631;1
4591;41;91;1
4592;4368;136;1
4593;392;32;1
4594;295;8633;1
4595;4451;4451;1
4596;2151;8636;1
4597;81;81;1
4598;435;8638;1
4599;8643;8644;1
4600;91;8645;1
4601;8646;219;1
4602;8650;4567;1
4603;520;8652;1
4604;8653;3804;1
4605;2369;8656;1
4606;8658;1912;1
4607;8659;8660;1
4608;42;8663;1
4609;8664;8665;1
4610;1048;8666;1
4611;825;8667;1
4612;1516;435;1
4613;8671;8672;1
4614;13;13;1
4615;8675;851;1
4616;3781;8677;1
4617;270;7498;1
4618;8680;8681;1
4619;41;293;1
4620;7745;8685;1
4621;1491;1491;1
4622;8687;52;1
4623;8689;8690;1
4624;8691;8692;1
4625;8694;8695;1
4626;8698;8699;1
4627;8700;4567;1
4628;8701;7282;1
4629;102;2871;1
4630;1450;8702;1
4631;261;8705;1
4632;8706;8707;1
4633;8709;32;1
4634;8714;551;1
4635;53;8716;1
4636;8719;2747;1
4637;42;91;1
4638;8722;52;1
4639;8725;8726;1
4640;328;8727;1
4641;8728;8729;1
4642;8733;8734;1
4643;8735;249;1
4644;8736;136;1
4645;121;877;1
4646;8738;8739;1
4647;8741;32;1
4648;22;270;1
4649;8742;8743;1
4650;405;8744;1
4651;42;8746;1
4652;2569;309;1
4653;273;273;1
4654;8748;5;1
4655;8750;8750;1
4656;2966;429;1
4657;59;59;1
4658;8753;5260;1
4659;8759;3782;1
4660;2431;293;1
4661;7201;1971;1
4662;8764;8765;1
4663;42;42;1
4664;6215;8768;1
4665;8771;8772;1
4666;8775;8776;1
4667;2713;1887;1
4668;1547;108;1
4669;596;8780;1
4670;8781;8782;1
4671;8784;8785;1
4672;2680;53;1
4673;8790;8791;1
4674;8793;273;1
4675;8794;683;1
4676;8797;8798;1
4677;3303;8801;1
4678;8803;3410;1
4679;8804;8805;1
4680;329;4946;1
4681;41;41;1
4682;8807;8808;1
4683;41;41;1
4684;309;8810;1
4685;597;42;1
4686;856;8815;1
4687;329;8816;1
4688;8817;3370;1
4689;108;108;1
4690;8820;8821;1
4691;7745;8823;1
4692;5459;8828;1
4693;8830;8830;1
4694;108;8831;1
4695;495;381;1
4696;8835;2328;1
4697;8836;8837;1
4698;592;8839;1
4699;340;340;1
4700;8842;136;1
4701;8844;8845;1
4702;8848;8849;1
4703;2820;8850;1
4704;2346;8854;1
4705;8856;8857;1
4706;11;261;1
4707;8860;8861;1
4708;941;309;1
4709;8863;1043;1
4710;50;8867;1
4711;8868;8869;1
4712;3158;772;1
4713;8870;8870;1
4714;2304;34;1
4715;54;4642;1
4716;2800;11;1
4717;8873;8874;1
4718;3896;777;1
4719;8877;470;1
4720;8878;249;1
4721;8879;8880;1
4722;8882;8883;1
4723;8884;467;1
4724;681;8885;1
4725;511;8887;1
4726;680;8888;1
4727;5467;42;1
4728;2062;470;1
4729;3825;3825;1
4730;880;8892;1
4731;8896;8897;1
4732;8899;8900;1
4733;7206;8903;1
4734;1186;405;1
4735;53;302;1
4736;8905;683;1
4737;989;34;1
4738;8908;8908;1
4739;119;1996;1
4740;681;8909;1
4741;8911;8912;1
4742;8913;2517;1
4743;8915;8916;1
4744;8917;498;1
4745;4502;135;1
4746;8920;2073;1
4747;8923;42;1
4748;2107;8924;1
4749;47;2991;1
4750;3804;8926;1
4751;8927;764;1
4752;2719;6888;1
4753;8929;4797;1
4754;2107;8933;1
4755;8935;8936;1
4756;8941;54;1
4757;2230;8942;1
4758;8943;8944;1
4759;101;2369;1
4760;355;173;1
4761;230;8946;1
4762;136;8947;1
4763;41;8948;1
4764;8949;8950;1
4765;8952;8953;1
4766;1212;1212;1
4767;4513;1512;1
4768;5363;6128;1
4769;3864;8957;1
4770;122;666;1
4771;41;577;1
4772;8960;8961;1
4773;3313;8963;1
4774;8965;8966;1
4775;8967;355;1
4776;5260;295;1
4777;8972;8973;1
4778;118;4293;1
4779;8974;8975;1
4780;8979;8980;1
4781;8982;8983;1
4782;8984;8985;1
4783;8818;4520;1
4784;8987;8988;1
4785;8990;47;1
4786;4167;8993;1
4787;8994;8995;1
4788;8996;8997;1
4789;501;1640;1
4790;8998;48;1
4791;771;771;1
4792;52;5;1
4793;9001;9002;1
4794;52;1547;1
4795;857;2934;1
4796;9006;9007;1
4797;9009;9010;1
4798;3226;53;1
4799;8347;9012;1
4800;9015;91;1
4801;9016;9017;1
4802;82;2291;1
4803;7218;7218;1
4804;1186;9020;1
4805;803;9021;1
4806;534;534;1
4807;9024;9025;1
4808;9027;3577;1
4809;9031;9032;1
4810;9033;9034;1
4811;230;230;1
4812;450;90;1
4813;318;9044;1
4814;6888;54;1
4815;9047;7211;1
4816;2465;9049;1
4817;136;9051;1
4818;9053;28;1
4819;1695;1695;1
4820;9059;9060;1
4821;1547;5428;1
4822;355;683;1
4823;9064;887;1
4824;9065;41;1
4825;7850;7850;1
4826;49;52;1
4827;622;9067;1
4828;803;9068;1
4829;135;135;1
4830;9069;401;1
4831;498;9071;1
4832;42;9073;1
4833;9076;9077;1
4834;9081;9082;1
4835;6819;9084;1
4836;9086;41;1
4837;24;9087;1
4838;6896;5646;1
4839;9038;9038;1
4840;941;249;1
4841;6587;6587;1
4842;9091;42;1
4843;9093;9094;1
4844;261;4632;1
4845;9099;40;1
4846;42;9102;1
4847;9104;1665;1
4848;9106;53;1
4849;9109;9110;1
4850;1785;1785;1
4851;309;2875;1
4852;9113;3227;1
4853;4505;9118;1
4854;9121;9122;1
4855;760;7644;1
4856;9124;3516;1
4857;136;41;1
4858;9127;9128;1
4859;49;23;1
4860;9129;9130;1
4861;9132;42;1
4862;7917;9134;1
4863;273;631;1
4864;9137;9138;1
4865;9141;9142;1
4866;119;119;1
4867;9143;9144;1
4868;9147;9148;1
4869;8279;54;1
4870;103;9151;1
4871;7226;9156;1
4872;9157;9158;1
4873;26;9159;1
4874;9161;9162;1
4875;359;359;1
4876;938;355;1
4877;295;9165;1
4878;9167;9168;1
4879;9170;212;1
4880;9173;53;1
4881;9176;9177;1
4882;9178;6364;1
4883;9179;119;1
4884;9180;208;1
4885;42;42;1
4886;329;273;1
4887;9183;1849;1
4888;938;5699;1
4889;9194;743;1
4890;401;401;1
4891;520;520;1
4892;8961;183;1
4893;32;32;1
4894;3934;4167;1
4895;464;3878;1
4896;3090;118;1
4897;2439;91;1
4898;9207;8001;1
4899;9209;9210;1
4900;359;1653;1
4901;9213;751;1
4902;745;53;1
4903;42;4131;1
4904;24;9214;1
4905;9215;1341;1
4906;5536;49;1
